Zm00001d027231_T002	T131>A
Zm00001d027250_T001	T77>A
Zm00001d027271_T005	A57>T
Zm00001d027283_T001	A54>T
Zm00001d027307_T002_2	A139>T
Zm00001d027318_T001	A118>T
Zm00001d027320_T002	A158>T
Zm00001d027323_T001_2	T66>A
Zm00001d027325_T001_2	T32>A
Zm00001d027332_T001	T59>A
Zm00001d027355_T001	T86>A
Zm00001d027361_T001	T134>A
Zm00001d027373_T004	T161>A
Zm00001d027402_T003	A120>T
Zm00001d027416_T001	T43>A
Zm00001d027429_T001	A5>T
Zm00001d027441_T001_2	T161>A
Zm00001d027441_T001	T47>A
Zm00001d027447_T004	T99>A
Zm00001d027450_T001_2	A99>T
Zm00001d027457_T001	T27>A
Zm00001d027459_T001	T77>A
Zm00001d027484_T003	A43>T
Zm00001d027485_T002_2	A13>T
Zm00001d027582_T001	A144>T
Zm00001d027598_T001	A165>T
Zm00001d027599_T001	A136>T
Zm00001d027601_T001	T88>A
Zm00001d027613_T001	T97>A
Zm00001d027638_T001	T124>A
Zm00001d027643_T001	A62>T
Zm00001d027646_T001	A22>T
Zm00001d027674_T001	A53>T;A113>T
Zm00001d027717_T001	T40>A
Zm00001d027728_T001_2	A82>T
Zm00001d027731_T003	A20>T
Zm00001d027744_T001	T85>A
Zm00001d027763_T001	A155>T
Zm00001d027837_T001	A158>T
Zm00001d027838_T001	A94>T
Zm00001d027842_T002	A81>T;A137>T
Zm00001d027855_T001	T61>A
Zm00001d027886_T003	T54>A
Zm00001d027889_T001	A97>T
Zm00001d027901_T001	A52>T
Zm00001d027950_T001	T158>A
Zm00001d027958_T001	A115>T
Zm00001d027997_T001	T106>A
Zm00001d028040_T001	A114>T
Zm00001d028073_T003	A95>T
Zm00001d028075_T011	A102>T
Zm00001d028122_T001	T48>A
Zm00001d028125_T001	A8>T
Zm00001d028160_T002	T50>A
Zm00001d028162_T004_2	A113>T
Zm00001d028172_T001	A140>T
Zm00001d028235_T001	A86>T
Zm00001d028241_T003	T161>A
Zm00001d028258_T001	T18>A;T142>A
Zm00001d028260_T003	T26>A;T157>A
Zm00001d028260_T003_2	T101>A
Zm00001d028307_T001	A65>T
Zm00001d028307_T001_2	A157>T
Zm00001d028369_T001_2	A93>T
Zm00001d028371_T001	T137>A
Zm00001d028373_T002	A7>T
Zm00001d028374_T001	A34>T
Zm00001d028396_T002	T2>A
Zm00001d028399_T001	T20>A
Zm00001d028401_T005	A30>T
Zm00001d028410_T001	A32>T
Zm00001d028417_T001	T80>A
Zm00001d028432_T001	T40>A
Zm00001d028457_T001	T167>A
Zm00001d028528_T001	T146>A
Zm00001d028542_T003_2	A61>T
Zm00001d028546_T001	T26>A
Zm00001d028560_T003	T34>A
Zm00001d028574_T001	T75>A
Zm00001d028574_T001_2	T138>A
Zm00001d028585_T001	A60>T
Zm00001d028591_T001	T44>A
Zm00001d028597_T003	T48>A
Zm00001d028642_T002	A148>T
Zm00001d028647_T001	T2>A
Zm00001d028708_T001	T149>A
Zm00001d028714_T001	T44>A
Zm00001d028727_T001	T22>A
Zm00001d028728_T003	T65>A
Zm00001d028742_T001_2	A24>T
Zm00001d028757_T001	A148>T
Zm00001d028761_T002	T93>A
Zm00001d028771_T001	T40>A
Zm00001d028780_T001	T13>A
Zm00001d028786_T001_2	T94>A
Zm00001d028793_T001	A114>T
Zm00001d028810_T001	A107>T
Zm00001d028909_T001	T155>A
Zm00001d028924_T001	T50>A
Zm00001d028925_T001	A36>T
Zm00001d028947_T001	T135>A
Zm00001d028971_T001_2	T87>A
Zm00001d029010_T001	A50>T
Zm00001d029030_T002_2	A42>T
Zm00001d029055_T003_2	T52>A
Zm00001d029072_T002	A64>T
Zm00001d029104_T002	A46>T
Zm00001d029129_T002	A42>T
Zm00001d029133_T004	T20>A
Zm00001d029144_T004	A168>T
Zm00001d029192_T001	T101>A
Zm00001d029226_T001	A43>T
Zm00001d029234_T002	T88>A
Zm00001d029263_T001	T6>A
Zm00001d029305_T001	A57>T
Zm00001d029349_T001	A18>T
Zm00001d029352_T002	T10>A;T149>A
Zm00001d029388_T002	A101>T
Zm00001d029398_T001	T98>A
Zm00001d029402_T001	T162>A
Zm00001d029460_T001	A148>T
Zm00001d029478_T001	T112>A
Zm00001d029527_T003	T57>A
Zm00001d029528_T001	A15>T
Zm00001d029529_T001	T90>A
Zm00001d029561_T001	T86>A
Zm00001d029650_T001	A54>T
Zm00001d029686_T001	T71>A
Zm00001d029699_T002	T38>A
Zm00001d029740_T002	T40>A
Zm00001d029762_T005	A112>T
Zm00001d029778_T001	A22>T
Zm00001d029803_T001	A142>T
Zm00001d029808_T001_2	T63>A
Zm00001d029832_T001	T56>A
Zm00001d029834_T001	T99>A;A18>T
Zm00001d029848_T002	A72>T
Zm00001d029888_T002	A121>T
Zm00001d029903_T002	A36>T
Zm00001d029918_T001	T112>A
Zm00001d029920_T001	A103>T
Zm00001d029946_T002	T44>A
Zm00001d029956_T001	A36>T
Zm00001d029974_T001	T87>A
Zm00001d030006_T001	T148>A
Zm00001d030010_T001	A157>T
Zm00001d030176_T001	T159>A
Zm00001d030189_T001	A113>T
Zm00001d030207_T002	T54>A
Zm00001d030223_T001	A136>T
Zm00001d030290_T002	T160>A
Zm00001d030305_T001	A54>T
Zm00001d030401_T001	T26>A
Zm00001d030468_T001	A22>T
Zm00001d030561_T005	T101>A
Zm00001d030609_T002_2	A21>T
Zm00001d030620_T002	A36>T
Zm00001d030698_T001	T37>A
Zm00001d030742_T002	A140>T
Zm00001d030772_T001	T97>A
Zm00001d030830_T001	T68>A
Zm00001d030864_T001	A16>T
Zm00001d030916_T001	A164>T;A7>T
Zm00001d030945_T001	T160>A;T106>A
Zm00001d030981_T001	T56>A
Zm00001d031002_T003	T91>A
Zm00001d031005_T004	T148>A
Zm00001d031127_T001_2	T13>A
Zm00001d031150_T001	A39>T
Zm00001d031200_T002_2	A77>T
Zm00001d031230_T001	T100>A
Zm00001d031258_T003	T56>A
Zm00001d031271_T003	A110>T
Zm00001d031312_T001	A105>T
Zm00001d031315_T002_2	A68>T;A43>T
Zm00001d031338_T002	T74>A
Zm00001d031414_T001	T5>A;A160>T
Zm00001d031427_T001	A101>T
Zm00001d031464_T001	T38>A;A82>T
Zm00001d031471_T001	T163>A
Zm00001d031515_T001	A7>T
Zm00001d031535_T001	A57>T
Zm00001d031593_T001	T61>A
Zm00001d031611_T001	A54>T
Zm00001d031627_T001	T16>A
Zm00001d031636_T001	A73>T
Zm00001d031636_T001_2	A137>T
Zm00001d031638_T001	T86>A;T91>A
Zm00001d031648_T001_2	T32>A
Zm00001d031684_T001	A15>T
Zm00001d031694_T004	T136>A
Zm00001d031696_T001	T22>A
Zm00001d031754_T001	A28>T
Zm00001d031777_T001	A31>T
Zm00001d031850_T001	A48>T
Zm00001d031875_T001	A38>T
Zm00001d031937_T001	T72>A
Zm00001d031967_T001	T164>A
Zm00001d031989_T001	T47>A
Zm00001d032077_T001	T91>A
Zm00001d032083_T001	T60>A
Zm00001d032098_T001	A81>T
Zm00001d032123_T001	T86>A
Zm00001d032138_T001	A38>T
Zm00001d032148_T001	T162>A
Zm00001d032237_T001	A54>T
Zm00001d032265_T001_2	T46>A
Zm00001d032316_T001	A50>T
Zm00001d032318_T001	T130>A
Zm00001d032322_T001_2	T84>A
Zm00001d032324_T001	T72>A
Zm00001d032331_T001	T35>A
Zm00001d032336_T001	T94>A
Zm00001d032454_T004	T165>A
Zm00001d032458_T001	T50>A
Zm00001d032461_T001	T20>A;T9>A
Zm00001d032464_T002	A76>T
Zm00001d032499_T001	A90>T
Zm00001d032539_T001	A119>T
Zm00001d032543_T001	A28>T
Zm00001d032554_T001	A47>T
Zm00001d032582_T003	T22>A
Zm00001d032588_T004	T40>A
Zm00001d032598_T003	T155>A
Zm00001d032610_T002	T103>A
Zm00001d032649_T001	T21>A
Zm00001d032679_T001	A104>T
Zm00001d032679_T001_2	A70>T
Zm00001d032687_T001	T87>A
Zm00001d032728_T001	T50>A
Zm00001d032735_T001	A68>T
Zm00001d032775_T002	A93>T
Zm00001d032786_T001	A161>T
Zm00001d032788_T001	A29>T
Zm00001d032883_T001	A115>T
Zm00001d032896_T001	T78>A
Zm00001d032896_T001_2	T82>A
Zm00001d032901_T001	T65>A
Zm00001d032945_T001	T4>A
Zm00001d032969_T001	T47>A
Zm00001d032981_T001	A142>T
Zm00001d032989_T003_2	T6>A
Zm00001d032991_T001	T117>A
Zm00001d033048_T001	A117>T
Zm00001d033055_T001	T158>A
Zm00001d033075_T001	T79>A
Zm00001d033115_T001	A48>T;A60>T
Zm00001d033138_T001	T146>A
Zm00001d033157_T001	A163>T
Zm00001d033189_T001	A3>T
Zm00001d033230_T001	T112>A
Zm00001d033292_T003	T46>A
Zm00001d033315_T004	A38>T
Zm00001d033324_T001	A37>T
Zm00001d033333_T001	A93>T
Zm00001d033339_T001	T29>A
Zm00001d033380_T001	T114>A
Zm00001d033384_T001	A92>T
Zm00001d033390_T001	T107>A
Zm00001d033516_T002	T66>A
Zm00001d033517_T001	A56>T
Zm00001d033527_T001	A105>T
Zm00001d033554_T001	A48>T
Zm00001d033555_T001	T136>A
Zm00001d033574_T001	T14>A
Zm00001d033594_T002	T96>A
Zm00001d033623_T003	A74>T
Zm00001d033633_T001	A156>T
Zm00001d033636_T001	T28>A
Zm00001d033646_T004	A84>T
Zm00001d033651_T006	A121>T
Zm00001d033668_T001	A28>T
Zm00001d033669_T002	T116>A;T147>A
Zm00001d033711_T001	A36>T
Zm00001d033718_T001	T44>A
Zm00001d033722_T001	A92>T
Zm00001d033744_T001	A76>T
Zm00001d033744_T001_2	A25>T
Zm00001d033751_T003	T71>A
Zm00001d033794_T001	T78>A
Zm00001d033795_T007	T2>A
Zm00001d033822_T001	A4>T
Zm00001d033827_T001_2	T118>A
Zm00001d033830_T002_2	T101>A
Zm00001d033862_T001	T63>A
Zm00001d033912_T001	T147>A
Zm00001d033912_T001_2	T51>A
Zm00001d033925_T001	A66>T
Zm00001d033926_T001	T167>A
Zm00001d033935_T003_2	A109>T
Zm00001d033955_T001	T122>A
Zm00001d033955_T001_2	T38>A
Zm00001d033965_T001	T55>A
Zm00001d033961_T001	A103>T
Zm00001d033968_T001	T123>A
Zm00001d033968_T001_2	T3>A;T158>A
Zm00001d033983_T001_2	A139>T
Zm00001d034013_T006	T104>A
Zm00001d034055_T001	A20>T
Zm00001d034125_T002	T90>A
Zm00001d034130_T001_2	A74>T
Zm00001d034130_T001	A16>T
Zm00001d034217_T001	A3>T
Zm00001d034339_T001	A53>T
Zm00001d034341_T003	T87>A
Zm00001d034342_T001	A17>T
Zm00001d034359_T001	T138>A
Zm00001d034364_T001	T133>A
Zm00001d034372_T002	A69>T;A90>T
Zm00001d034400_T003	A59>T
Zm00001d034433_T003_2	A167>T
Zm00001d034439_T001	A59>T
Zm00001d034446_T003	T149>A
Zm00001d034486_T001	T16>A
Zm00001d034488_T001	T64>A
Zm00001d034507_T001	T64>A
Zm00001d034546_T001	T15>A;A137>T
Zm00001d034553_T001	A80>T
Zm00001d034575_T001	T165>A
Zm00001d034577_T003	A37>T
Zm00001d034588_T001_2	A21>T
Zm00001d034592_T001	A102>T
Zm00001d034597_T002_2	A151>T
Zm00001d034597_T002	T24>A
Zm00001d034608_T002	A20>T
Zm00001d034619_T001	T15>A
Zm00001d034629_T002	T8>A
Zm00001d034659_T001	A69>T
Zm00001d034673_T001	A6>T
Zm00001d034692_T001	A67>T
Zm00001d034759_T003	T165>A
Zm00001d034759_T003_2	T78>A
Zm00001d034770_T003	T106>A
Zm00001d034781_T001	A121>T
Zm00001d034788_T001	T8>A
Zm00001d034796_T001	A92>T
Zm00001d034799_T003	A6>T
Zm00001d034853_T001	A6>T
Zm00001d034871_T003	T25>A
Zm00001d034872_T001_2	A3>T
Zm00001d034885_T002	A24>T
Zm00001d034915_T003	A72>T
Zm00001d034920_T001	T164>A
Zm00001d034929_T010	A140>T
Zm00001d034941_T002	A30>T
Zm00001d001766_T001	T160>A
Zm00001d001769_T001	T164>A
Zm00001d001786_T005	T103>A
Zm00001d001788_T001_2	A159>T
Zm00001d001819_T001	T83>A
Zm00001d001850_T001	A35>T
Zm00001d001856_T005	A19>T
Zm00001d001901_T002	A75>T
Zm00001d001905_T001	T54>A
Zm00001d001927_T001	T149>A
Zm00001d001943_T001	T62>A;T104>A
Zm00001d001945_T002	A142>T
Zm00001d001987_T001	A29>T
Zm00001d001996_T001	A148>T
Zm00001d002019_T001	A3>T
Zm00001d002024_T002	A114>T
Zm00001d002029_T003	T40>A
Zm00001d002075_T001	T8>A
Zm00001d002079_T001	T36>A
Zm00001d002090_T001	A74>T
Zm00001d002121_T001	T14>A
Zm00001d002122_T002	A134>T
Zm00001d002136_T001	T133>A
Zm00001d002203_T001	A86>T
Zm00001d002232_T001	T33>A
Zm00001d002250_T001_2	A23>T
Zm00001d002253_T001	T130>A
Zm00001d002260_T003	T162>A
Zm00001d002261_T003_2	T65>A
Zm00001d002272_T012_2	A19>T
Zm00001d002277_T001	A79>T
Zm00001d002283_T001	T79>A
Zm00001d002290_T001	A76>T
Zm00001d002302_T002	T40>A
Zm00001d002312_T004	T77>A
Zm00001d002313_T002	T75>A;A4>T
Zm00001d002318_T001	T16>A
Zm00001d002344_T001	T5>A
Zm00001d002387_T002_2	A158>T
Zm00001d002396_T004	A60>T
Zm00001d002402_T001	T41>A
Zm00001d002425_T001	A35>T
Zm00001d002426_T003_2	A132>T
Zm00001d002433_T002_2	T96>A
Zm00001d002437_T001	T54>A
Zm00001d002450_T001	A106>T
Zm00001d002462_T008	A3>T
Zm00001d002474_T001_2	A35>T
Zm00001d002477_T001	A9>T
Zm00001d002491_T001	A79>T
Zm00001d002495_T001	T39>A
Zm00001d002523_T001	A12>T
Zm00001d002524_T001	T55>A
Zm00001d002565_T001	T15>A
Zm00001d002607_T001_2	A54>T
Zm00001d002665_T001	A44>T
Zm00001d002685_T001	A7>T
Zm00001d002694_T004	A76>T
Zm00001d002713_T001_2	A109>T
Zm00001d002718_T001	T14>A
Zm00001d002726_T002	A113>T
Zm00001d002731_T001	A60>T
Zm00001d002743_T001	A105>T
Zm00001d002746_T001	T51>A
Zm00001d002748_T001	A56>T
Zm00001d002762_T001	A41>T
Zm00001d002768_T001	T55>A
Zm00001d002771_T001	T166>A
Zm00001d002773_T001	A153>T
Zm00001d002776_T001	T55>A
Zm00001d002789_T001	A39>T
Zm00001d002794_T001	A61>T
Zm00001d002803_T001	T149>A
Zm00001d002810_T001	A93>T
Zm00001d002814_T002	T9>A
Zm00001d002819_T001_2	T87>A
Zm00001d002854_T001	A39>T
Zm00001d002878_T001	A142>T
Zm00001d002890_T001	A11>T
Zm00001d002928_T001	A40>T
Zm00001d002960_T001	T154>A
Zm00001d002970_T001	A5>T
Zm00001d002999_T001	T103>A
Zm00001d003000_T001	T100>A
Zm00001d003016_T001	T166>A
Zm00001d003035_T001_2	A124>T
Zm00001d003040_T002	A83>T
Zm00001d003043_T001	T33>A
Zm00001d003066_T003	T2>A
Zm00001d003084_T001	T92>A
Zm00001d003089_T001	T18>A
Zm00001d003108_T001_2	A35>T;A118>T
Zm00001d003116_T001	A157>T
Zm00001d003147_T001	T130>A
Zm00001d003191_T001	A76>T
Zm00001d003193_T001	T54>A
Zm00001d003212_T001	A70>T
Zm00001d003257_T002	T43>A
Zm00001d003275_T001	T62>A
Zm00001d003282_T001	T115>A
Zm00001d003359_T001	A21>T
Zm00001d003396_T001	T42>A
Zm00001d003399_T001	T34>A
Zm00001d003401_T004	T160>A
Zm00001d003405_T001	A10>T
Zm00001d003417_T001	A41>T
Zm00001d003426_T001	A3>T
Zm00001d003432_T001	A36>T
Zm00001d003457_T001	A46>T
Zm00001d003469_T001	T36>A
Zm00001d003543_T001	A129>T
Zm00001d003555_T001	T161>A
Zm00001d003602_T001	A10>T
Zm00001d003611_T005_2	A161>T
Zm00001d003611_T005	A33>T
Zm00001d003656_T001	A44>T
Zm00001d003676_T001	A31>T
Zm00001d003725_T001_2	T156>A
Zm00001d003765_T001	T87>A
Zm00001d003786_T001	A15>T
Zm00001d003800_T008	T52>A
Zm00001d003848_T001	T66>A
Zm00001d003879_T003_2	T56>A
Zm00001d003896_T002	A89>T
Zm00001d003938_T001	A100>T
Zm00001d003995_T006	T109>A
Zm00001d004051_T001	T15>A
Zm00001d004055_T002	A58>T
Zm00001d004072_T001	A19>T
Zm00001d004075_T001	A105>T
Zm00001d004080_T001	T19>A
Zm00001d004105_T001	A100>T
Zm00001d004165_T001	T40>A
Zm00001d004176_T001	A53>T
Zm00001d004317_T001	A18>T
Zm00001d004357_T001	A163>T
Zm00001d004386_T001	T75>A
Zm00001d004392_T001	T28>A
Zm00001d004392_T001_2	T96>A
Zm00001d004426_T001	T60>A
Zm00001d004481_T001	A48>T
Zm00001d004512_T001_2	T124>A
Zm00001d004594_T001	A82>T
Zm00001d004785_T001	T45>A
Zm00001d004805_T001	T66>A;T77>A
Zm00001d004811_T001	T52>A
Zm00001d004810_T001	A3>T
Zm00001d004856_T001	A104>T
Zm00001d004906_T001	T125>A
Zm00001d004929_T001	T147>A
Zm00001d004936_T002_2	T41>A
Zm00001d004965_T003	A8>T
Zm00001d004972_T001	T16>A
Zm00001d004993_T002_2	T79>A
Zm00001d005001_T002	T71>A
Zm00001d005002_T001	A9>T
Zm00001d005019_T004	A53>T
Zm00001d005052_T004	T117>A
Zm00001d005094_T001	A144>T
Zm00001d005106_T002	T54>A
Zm00001d005106_T002_2	T99>A
Zm00001d005143_T001	A47>T
Zm00001d005176_T001	A69>T
Zm00001d005199_T002	T116>A
Zm00001d005296_T001	T23>A
Zm00001d005298_T001	T67>A
Zm00001d005317_T001	A10>T
Zm00001d005343_T004	T18>A
Zm00001d005347_T001	A10>T
Zm00001d005348_T001	T98>A
Zm00001d005363_T001	T35>A
Zm00001d005421_T001_2	T8>A;T69>A
Zm00001d005437_T001	T70>A;A3>T
Zm00001d005465_T001	A3>T
Zm00001d005476_T001	A151>T
Zm00001d005539_T003	T115>A;T161>A
Zm00001d005599_T001	A37>T
Zm00001d005609_T001	T167>A
Zm00001d005654_T001	A57>T
Zm00001d005664_T001	A5>T
Zm00001d005672_T001_2	T2>A
Zm00001d005674_T001	T38>A
Zm00001d005682_T001	A67>T
Zm00001d005707_T002	T63>A
Zm00001d005741_T001	T43>A
Zm00001d005742_T001	A64>T
Zm00001d005781_T002	T12>A
Zm00001d005833_T003	T107>A
Zm00001d005843_T001	A51>T
Zm00001d005846_T002	T121>A
Zm00001d005898_T001	T104>A
Zm00001d005919_T001	A59>T
Zm00001d005920_T004_2	T144>A
Zm00001d005926_T001	T49>A;T67>A
Zm00001d005928_T001	A162>T
Zm00001d005969_T002_2	A110>T
Zm00001d005969_T002	T94>A
Zm00001d005978_T001_2	T54>A;T143>A
Zm00001d006016_T001	T149>A
Zm00001d006049_T001	A103>T
Zm00001d006050_T001	A73>T
Zm00001d006066_T002	T84>A
Zm00001d006071_T002_2	T149>A
Zm00001d006110_T001	T22>A
Zm00001d006133_T001	A69>T
Zm00001d006133_T001_2	A113>T
Zm00001d006159_T001	T100>A;A7>T
Zm00001d006167_T001	A10>T
Zm00001d006199_T001	T167>A
Zm00001d006209_T001	T55>A
Zm00001d006217_T002	A10>T
Zm00001d006218_T001_2	T163>A;A51>T
Zm00001d006236_T003_2	T133>A
Zm00001d006254_T001	A122>T
Zm00001d006285_T001	A134>T
Zm00001d006297_T001	A19>T
Zm00001d006309_T002_2	A86>T
Zm00001d006320_T001	T160>A
Zm00001d006364_T001	T5>A
Zm00001d006376_T001	T46>A;A63>T
Zm00001d006376_T001_2	A3>T
Zm00001d006409_T002	A19>T;A108>T
Zm00001d006422_T004	T45>A
Zm00001d006447_T001	A40>T
Zm00001d006453_T002	T85>A
Zm00001d006461_T002	A137>T
Zm00001d006463_T001	A57>T
Zm00001d006464_T001	T154>A
Zm00001d006470_T002	T61>A
Zm00001d006490_T001	T39>A
Zm00001d006494_T003	T108>A
Zm00001d006516_T001	A143>T
Zm00001d006533_T002_2	T166>A
Zm00001d006552_T005_2	T39>A
Zm00001d006562_T001	A137>T
Zm00001d006565_T001_2	A124>T
Zm00001d006565_T001	A58>T
Zm00001d006590_T002	T116>A
Zm00001d006595_T001	A164>T
Zm00001d006601_T001	T89>A
Zm00001d006619_T001	T68>A
Zm00001d006623_T001	T81>A
Zm00001d006628_T005	T86>A
Zm00001d006640_T001	T80>A
Zm00001d006681_T004_2	A70>T
Zm00001d006708_T001	T15>A
Zm00001d006722_T001	T102>A
Zm00001d006726_T001	A161>T
Zm00001d006738_T001	A134>T
Zm00001d006787_T002	T161>A
Zm00001d006815_T001	T147>A
Zm00001d006815_T001_2	T86>A
Zm00001d006816_T001	A38>T
Zm00001d006860_T001	T16>A
Zm00001d006861_T007	T19>A;T40>A
Zm00001d006869_T001	A156>T
Zm00001d006889_T001	A18>T
Zm00001d006913_T002	T89>A
Zm00001d006944_T001_2	T66>A
Zm00001d006944_T001	T149>A
Zm00001d007043_T003	A7>T
Zm00001d007045_T001	T40>A
Zm00001d007050_T001	A147>T
Zm00001d007085_T001	A166>T
Zm00001d007090_T002	T157>A;A153>T
Zm00001d007093_T004_2	A115>T
Zm00001d007121_T005	T160>A
Zm00001d007139_T003	T109>A
Zm00001d007174_T001_2	A30>T
Zm00001d007186_T001	T61>A
Zm00001d007192_T001_2	A47>T
Zm00001d007199_T001	A85>T
Zm00001d007212_T001	T68>A
Zm00001d007296_T001_2	A3>T
Zm00001d007318_T002_2	A56>T
Zm00001d007354_T001	T84>A
Zm00001d007370_T001	A97>T
Zm00001d007372_T002	T78>A
Zm00001d007387_T003	A57>T
Zm00001d007406_T001	T148>A
Zm00001d007434_T006	T160>A
Zm00001d007454_T002	T143>A
Zm00001d007465_T002	A91>T
Zm00001d007489_T001_2	T29>A
Zm00001d007570_T001	T9>A
Zm00001d007577_T002	A28>T
Zm00001d007577_T002_2	A111>T
Zm00001d007640_T001	A125>T
Zm00001d007656_T001	A3>T
Zm00001d007706_T001	T7>A
Zm00001d007707_T001	T32>A
Zm00001d007769_T003_2	A33>T
Zm00001d007799_T001	T3>A
Zm00001d007800_T001	A29>T
Zm00001d007884_T001	A25>T
Zm00001d007901_T001	T19>A
Zm00001d007907_T002	T146>A
Zm00001d007915_T001	A168>T
Zm00001d007927_T001	T78>A
Zm00001d007934_T001	A67>T
Zm00001d007942_T001	T54>A
Zm00001d007962_T001	A90>T
Zm00001d007975_T001	A43>T
Zm00001d039240_T001	A45>T
Zm00001d039256_T001	T25>A
Zm00001d039283_T002	T6>A
Zm00001d039311_T001	T84>A
Zm00001d039325_T001	A44>T
Zm00001d039339_T001	T77>A
Zm00001d039370_T002_2	A37>T
Zm00001d039406_T001	A69>T
Zm00001d039411_T001	A115>T
Zm00001d039412_T001	A79>T
Zm00001d039414_T001	T53>A
Zm00001d039415_T001	T55>A;A148>T
Zm00001d039427_T002	T157>A
Zm00001d039444_T001	T25>A
Zm00001d039455_T002	T63>A
Zm00001d039460_T002	T14>A
Zm00001d039465_T001	T120>A
Zm00001d039477_T001	A3>T
Zm00001d039484_T001	A155>T
Zm00001d039487_T001	T162>A
Zm00001d039492_T001	A71>T
Zm00001d039513_T001	T136>A
Zm00001d039519_T001_2	A153>T
Zm00001d039521_T004	T157>A
Zm00001d039522_T002	A75>T
Zm00001d039524_T001	A77>T
Zm00001d039530_T001	A18>T
Zm00001d039535_T001	A121>T
Zm00001d039541_T003	T61>A
Zm00001d039566_T001	T75>A
Zm00001d039608_T007_2	T124>A
Zm00001d039677_T001	A34>T
Zm00001d039697_T002	T147>A
Zm00001d039717_T003	A4>T
Zm00001d039727_T003	T86>A
Zm00001d039763_T001	T37>A
Zm00001d039769_T002	T15>A
Zm00001d039786_T001	A103>T
Zm00001d039788_T001	A36>T
Zm00001d039842_T001	A26>T
Zm00001d039911_T002	T21>A
Zm00001d039927_T001	A66>T
Zm00001d039933_T001	T148>A
Zm00001d039944_T001	T69>A
Zm00001d039963_T001	T113>A
Zm00001d039974_T001	T89>A
Zm00001d039981_T001	A130>T
Zm00001d040010_T003_2	T12>A;A41>T
Zm00001d040020_T001_2	T88>A
Zm00001d040050_T001	T26>A;T59>A
Zm00001d040075_T001	A62>T
Zm00001d040076_T004_2	T82>A
Zm00001d040097_T001	T47>A
Zm00001d040125_T001	T111>A
Zm00001d040129_T001	A85>T
Zm00001d040220_T002	A99>T
Zm00001d040239_T001	T73>A
Zm00001d040270_T004	T73>A
Zm00001d040271_T001	A51>T
Zm00001d040301_T001	A105>T
Zm00001d040331_T001_2	T34>A
Zm00001d040387_T001	T66>A
Zm00001d040398_T001	A96>T
Zm00001d040438_T001	A76>T
Zm00001d040439_T001	T22>A
Zm00001d040445_T001	T78>A
Zm00001d040460_T001	A151>T
Zm00001d040462_T002	T145>A
Zm00001d040493_T001	T39>A
Zm00001d040497_T001	A70>T
Zm00001d040518_T001	A64>T
Zm00001d040542_T001	A88>T
Zm00001d040593_T001	T113>A
Zm00001d040594_T001	A126>T
Zm00001d040594_T001_2	A54>T
Zm00001d040596_T002	T8>A
Zm00001d040611_T002	A121>T
Zm00001d040621_T002	A34>T
Zm00001d040631_T002	T28>A
Zm00001d040672_T002_2	A3>T
Zm00001d040695_T001	T114>A
Zm00001d040733_T001	T77>A
Zm00001d040771_T001	A83>T
Zm00001d040775_T001	A99>T
Zm00001d040786_T001	T88>A
Zm00001d040787_T001	T90>A
Zm00001d040798_T001	T3>A
Zm00001d040829_T004_2	A166>T
Zm00001d040829_T004	A96>T
Zm00001d040837_T001	A165>T
Zm00001d040894_T001	T135>A
Zm00001d040954_T001	A116>T
Zm00001d041067_T001	T36>A
Zm00001d041066_T001	A92>T
Zm00001d041165_T003	T17>A
Zm00001d041186_T001	T39>A
Zm00001d041222_T001	T161>A
Zm00001d041246_T001	T106>A
Zm00001d041267_T002	T65>A
Zm00001d041269_T007	A8>T
Zm00001d041287_T001	T16>A
Zm00001d041346_T001	T76>A
Zm00001d041361_T001	T114>A
Zm00001d041380_T001_2	T160>A
Zm00001d041399_T001	A77>T
Zm00001d041430_T001	T28>A;T84>A
Zm00001d041443_T004	T116>A;T160>A
Zm00001d041489_T002	T66>A;T71>A
Zm00001d041578_T001	T8>A;A63>T
Zm00001d041603_T002_2	A12>T
Zm00001d041604_T001	T14>A
Zm00001d041632_T003	A27>T
Zm00001d041647_T003	A47>T
Zm00001d041649_T003	T34>A
Zm00001d041690_T001	T3>A
Zm00001d041718_T001	T128>A
Zm00001d041718_T001_2	T65>A
Zm00001d041741_T001	A4>T
Zm00001d041785_T001	T167>A
Zm00001d041794_T001	A91>T
Zm00001d041824_T001	A11>T
Zm00001d041827_T001	A158>T
Zm00001d041856_T001	A131>T
Zm00001d041871_T001	T79>A
Zm00001d041911_T005_2	A98>T
Zm00001d041914_T001	A155>T
Zm00001d041954_T002	T69>A
Zm00001d041983_T012	T59>A
Zm00001d041983_T012_2	T156>A
Zm00001d041987_T001	T131>A
Zm00001d042011_T001	T108>A
Zm00001d042060_T001	A94>T
Zm00001d042066_T007	T14>A;A50>T;A138>T
Zm00001d042136_T007_2	A110>T
Zm00001d042154_T001	A55>T
Zm00001d042164_T002	T43>A
Zm00001d042168_T001_2	A119>T
Zm00001d042210_T001	A104>T
Zm00001d042211_T001	T51>A
Zm00001d042263_T001_2	A139>T
Zm00001d042288_T002_2	T155>A
Zm00001d042290_T001	A10>T
Zm00001d042307_T001	A23>T
Zm00001d042308_T002	A59>T
Zm00001d042314_T006_2	T65>A
Zm00001d042341_T001_2	A35>T
Zm00001d042341_T001	A164>T
Zm00001d042371_T001	T161>A
Zm00001d042373_T001	T159>A
Zm00001d042395_T001	T161>A
Zm00001d042453_T001	T2>A
Zm00001d042490_T001	A94>T
Zm00001d042494_T004_2	T135>A
Zm00001d042494_T004	T5>A
Zm00001d042511_T002	A18>T
Zm00001d042581_T001	A53>T
Zm00001d042585_T002_2	A3>T
Zm00001d042619_T002	A30>T
Zm00001d042636_T002	T72>A
Zm00001d042649_T001	A122>T
Zm00001d042651_T001	A108>T
Zm00001d042660_T001	T105>A
Zm00001d042697_T001	T25>A;A77>T
Zm00001d042720_T003_2	A72>T
Zm00001d042736_T001	A60>T
Zm00001d042762_T002	A94>T
Zm00001d042767_T001_2	T93>A
Zm00001d042780_T001	A95>T
Zm00001d042781_T001	A93>T
Zm00001d042800_T001	T121>A
Zm00001d042830_T002	T129>A
Zm00001d042837_T001	T19>A;T59>A
Zm00001d042840_T001	A139>T
Zm00001d042867_T001	A84>T
Zm00001d042874_T005	T157>A
Zm00001d042879_T002	T68>A
Zm00001d042883_T010	T13>A
Zm00001d042887_T001	T71>A
Zm00001d042900_T001	A53>T
Zm00001d042921_T001_2	T24>A
Zm00001d042939_T002_2	A68>T
Zm00001d042939_T002	A83>T
Zm00001d042982_T002	T162>A
Zm00001d043039_T001	T90>A
Zm00001d043068_T001	T46>A
Zm00001d043086_T003	T55>A
Zm00001d043090_T001_2	T98>A;A92>T
Zm00001d043093_T004_2	T112>A
Zm00001d043097_T001	A30>T
Zm00001d043125_T001	A28>T
Zm00001d043188_T001	T30>A
Zm00001d043191_T002	A168>T
Zm00001d043205_T001	A120>T
Zm00001d043223_T001	T7>A
Zm00001d043237_T001	T2>A
Zm00001d043238_T001	A46>T
Zm00001d043248_T001	A94>T
Zm00001d043253_T002	T161>A
Zm00001d043292_T001	T114>A
Zm00001d043302_T002	A80>T
Zm00001d043317_T001	A133>T
Zm00001d043338_T001	T57>A
Zm00001d043344_T001	T108>A
Zm00001d043380_T001	A44>T
Zm00001d043399_T001	T51>A
Zm00001d043406_T002_2	A134>T
Zm00001d043436_T001	A133>T
Zm00001d043452_T006	A15>T
Zm00001d043453_T001	T155>A
Zm00001d043455_T001	A79>T
Zm00001d043464_T001	T108>A
Zm00001d043497_T001_2	A36>T
Zm00001d043502_T002	T165>A
Zm00001d043503_T001	T147>A
Zm00001d043508_T002	T117>A
Zm00001d043509_T004	T36>A
Zm00001d043520_T001	A57>T
Zm00001d043572_T001	A141>T
Zm00001d043588_T001	A133>T
Zm00001d043607_T001	T21>A
Zm00001d043614_T002	T32>A
Zm00001d043653_T007	A14>T
Zm00001d043654_T001	A34>T
Zm00001d043661_T001	T45>A
Zm00001d043666_T001	T162>A
Zm00001d043694_T003	T154>A
Zm00001d043701_T001	A139>T
Zm00001d043726_T002	A111>T
Zm00001d043728_T001	T71>A
Zm00001d043752_T001	A136>T
Zm00001d043764_T002	T69>A
Zm00001d043797_T004	T22>A
Zm00001d043797_T004_2	T97>A
Zm00001d043799_T001	A115>T
Zm00001d043812_T001	A113>T
Zm00001d043827_T002	A56>T
Zm00001d043842_T001	A69>T
Zm00001d043855_T001	T84>A
Zm00001d043857_T001	A111>T
Zm00001d043873_T001	A159>T
Zm00001d043875_T001	A7>T
Zm00001d043947_T001_2	A84>T
Zm00001d043954_T002	A6>T
Zm00001d043969_T001	A132>T
Zm00001d043990_T001	T78>A
Zm00001d043994_T001	T3>A
Zm00001d044008_T002	A17>T
Zm00001d044013_T001	T161>A
Zm00001d044026_T015_2	T12>A
Zm00001d044026_T015	T41>A
Zm00001d044032_T001	T94>A
Zm00001d044080_T001	T65>A
Zm00001d044091_T002	T82>A
Zm00001d044187_T001	T91>A
Zm00001d044197_T001	A85>T
Zm00001d044203_T002_2	A135>T
Zm00001d044212_T001	A127>T
Zm00001d044213_T001	T11>A
Zm00001d044217_T005	A92>T
Zm00001d044261_T001	T149>A
Zm00001d044288_T001	A36>T
Zm00001d044318_T001	A105>T
Zm00001d044340_T001	T18>A
Zm00001d044356_T001	A120>T
Zm00001d044365_T002	T14>A
Zm00001d044386_T001	T96>A
Zm00001d044394_T002	A52>T
Zm00001d044405_T004	T8>A
Zm00001d044421_T001	A8>T
Zm00001d044426_T001	T66>A
Zm00001d044431_T001	A66>T
Zm00001d044451_T001_2	T163>A
Zm00001d044488_T002_2	T54>A
Zm00001d044497_T002	T140>A
Zm00001d044629_T001	A82>T
Zm00001d044631_T001_2	A19>T
Zm00001d044632_T001	T21>A
Zm00001d044686_T001	A77>T
Zm00001d048610_T001	T79>A
Zm00001d048618_T001	A139>T
Zm00001d048634_T001	T133>A
Zm00001d048680_T001	T122>A
Zm00001d048683_T001	A17>T
Zm00001d048692_T003	T33>A
Zm00001d048707_T001_2	T24>A
Zm00001d048710_T001	T3>A
Zm00001d048732_T001	T121>A
Zm00001d048737_T001	T63>A
Zm00001d048740_T001	T147>A
Zm00001d048773_T001	A14>T
Zm00001d048795_T001	T54>A
Zm00001d048797_T001	A36>T
Zm00001d048868_T003	T104>A
Zm00001d048968_T001	T19>A
Zm00001d049016_T001	A53>T
Zm00001d049071_T001	T38>A
Zm00001d049093_T001	T146>A
Zm00001d049110_T001	A124>T
Zm00001d049136_T001_2	A9>T
Zm00001d049141_T002	T147>A
Zm00001d049148_T001_2	T84>A
Zm00001d049166_T001	T161>A
Zm00001d049169_T001	T139>A
Zm00001d049173_T001	A108>T
Zm00001d049191_T002_2	T104>A
Zm00001d049270_T002	T38>A
Zm00001d049294_T001	A78>T
Zm00001d049308_T001	A135>T
Zm00001d049363_T001_2	A20>T
Zm00001d049376_T001	T75>A
Zm00001d049405_T001	T77>A
Zm00001d049406_T001	T71>A
Zm00001d049409_T001_2	T74>A
Zm00001d049490_T001	A34>T
Zm00001d049541_T001_2	T149>A
Zm00001d049540_T001	A79>T
Zm00001d049598_T002_2	T53>A
Zm00001d049614_T001_2	T105>A
Zm00001d049617_T005	T106>A
Zm00001d049624_T001	A36>T
Zm00001d049636_T001	A3>T
Zm00001d049638_T009	A156>T
Zm00001d049650_T001	T161>A
Zm00001d049671_T001	T90>A
Zm00001d049694_T001	T145>A
Zm00001d049718_T002	A85>T
Zm00001d049729_T002_2	A138>T
Zm00001d049750_T001	A72>T
Zm00001d049753_T001	A80>T
Zm00001d049804_T001	T140>A
Zm00001d049806_T001_2	A10>T;A44>T
Zm00001d049826_T001	A51>T
Zm00001d049831_T001	A54>T
Zm00001d049846_T001	T5>A
Zm00001d049844_T001	T97>A
Zm00001d049851_T001	T156>A
Zm00001d049892_T001	T38>A
Zm00001d049932_T001	A60>T
Zm00001d049940_T002_2	A50>T;A30>T
Zm00001d049966_T001_2	A74>T
Zm00001d050032_T003	A162>T
Zm00001d050093_T001	T82>A
Zm00001d050100_T001	T84>A
Zm00001d050144_T002	T20>A
Zm00001d050222_T001	T159>A
Zm00001d050245_T001	A37>T
Zm00001d050260_T001	A117>T
Zm00001d050268_T001	A119>T
Zm00001d050300_T001	A43>T
Zm00001d050315_T001	T77>A;A68>T
Zm00001d050353_T009_2	T161>A
Zm00001d050384_T001	T41>A
Zm00001d050402_T001	A28>T
Zm00001d050475_T001	T165>A
Zm00001d050475_T001_2	A92>T
Zm00001d050518_T002	A110>T
Zm00001d050565_T001	A120>T
Zm00001d050614_T001	T145>A
Zm00001d050726_T001	A120>T
Zm00001d050728_T001	T28>A
Zm00001d050768_T003	A162>T
Zm00001d050775_T001	T18>A
Zm00001d050785_T001	T156>A
Zm00001d050790_T002	T121>A
Zm00001d050790_T002_2	T73>A
Zm00001d050830_T001	T97>A;A18>T
Zm00001d050838_T001	A3>T
Zm00001d050873_T002	T11>A;T165>A
Zm00001d050897_T002	T144>A
Zm00001d050907_T001	T130>A
Zm00001d050925_T004	T162>A
Zm00001d050925_T004_2	T119>A
Zm00001d051009_T002	A77>T
Zm00001d051016_T001	T140>A
Zm00001d051041_T001	T154>A
Zm00001d051065_T002	A115>T
Zm00001d051072_T001	T96>A
Zm00001d051120_T001	T22>A
Zm00001d051123_T001	T48>A
Zm00001d051170_T001	T161>A
Zm00001d051211_T009	T117>A
Zm00001d051316_T002	A6>T
Zm00001d051323_T002	A67>T
Zm00001d051345_T002	A14>T
Zm00001d051345_T002_2	A84>T
Zm00001d051403_T001_2	T36>A
Zm00001d051421_T003_2	A38>T
Zm00001d051496_T002	A77>T
Zm00001d051501_T001	T65>A
Zm00001d051506_T001	A13>T
Zm00001d051507_T003_2	T78>A
Zm00001d051521_T002	A118>T
Zm00001d051539_T001	A139>T
Zm00001d051557_T001	T75>A
Zm00001d051563_T002	A153>T;A3>T
Zm00001d051577_T001	T52>A
Zm00001d051604_T001	T62>A
Zm00001d051604_T001_2	A13>T;A62>T
Zm00001d051644_T004	T45>A
Zm00001d051644_T004_2	T113>A
Zm00001d051650_T001_2	A62>T
Zm00001d051662_T001	A118>T
Zm00001d051676_T002	T82>A
Zm00001d051756_T004_2	A69>T
Zm00001d051785_T001	T31>A
Zm00001d051840_T002	A53>T
Zm00001d051843_T002	T27>A
Zm00001d051876_T003	T48>A
Zm00001d051881_T001	A153>T
Zm00001d051901_T002	A116>T
Zm00001d051901_T002_2	A78>T
Zm00001d051917_T003	T135>A;A42>T
Zm00001d051929_T001	A3>T
Zm00001d051937_T001	T33>A
Zm00001d051944_T001	T14>A
Zm00001d051946_T001_2	T41>A;A50>T
Zm00001d051951_T002_2	A6>T
Zm00001d051976_T002	A66>T;A156>T
Zm00001d051995_T001_2	T39>A
Zm00001d052021_T002	T5>A
Zm00001d052058_T001	A20>T
Zm00001d052074_T003_2	A55>T
Zm00001d052079_T006	A80>T
Zm00001d052118_T001	T65>A;A4>T
Zm00001d052146_T001	T116>A
Zm00001d052185_T001_2	A3>T
Zm00001d052210_T001	T105>A
Zm00001d052233_T001	T166>A;A139>T
Zm00001d052234_T001	A129>T
Zm00001d052240_T001	T164>A
Zm00001d052244_T001	A57>T
Zm00001d052264_T001	T32>A
Zm00001d052271_T001_2	T88>A
Zm00001d052273_T001	T158>A
Zm00001d052282_T003	A53>T;A100>T
Zm00001d052303_T001_2	T10>A
Zm00001d052306_T004	T46>A
Zm00001d052312_T001	A11>T
Zm00001d052336_T001	A102>T
Zm00001d052353_T002	T135>A
Zm00001d052354_T006_2	A65>T
Zm00001d052362_T002	T26>A
Zm00001d052379_T004_2	T67>A
Zm00001d052434_T001	T145>A;A14>T
Zm00001d052457_T001	T161>A
Zm00001d052493_T001	T38>A
Zm00001d052551_T001	T59>A
Zm00001d052636_T001	T159>A
Zm00001d052639_T001	T156>A
Zm00001d052647_T001	T52>A
Zm00001d052667_T001	T36>A
Zm00001d052697_T001	T159>A
Zm00001d052733_T001	T161>A
Zm00001d052735_T003	T162>A
Zm00001d052735_T003_2	T66>A;T142>A
Zm00001d052744_T001	T110>A
Zm00001d052753_T004	A17>T
Zm00001d052776_T001	A163>T
Zm00001d052779_T002_2	A108>T
Zm00001d052792_T001	T43>A
Zm00001d052815_T001	A156>T
Zm00001d052815_T001_2	A122>T
Zm00001d052903_T001	T95>A
Zm00001d052918_T001	T42>A
Zm00001d052930_T002	T28>A
Zm00001d052962_T001	A87>T
Zm00001d052964_T001	A148>T
Zm00001d052981_T001	T59>A
Zm00001d052996_T001	A123>T
Zm00001d053000_T001	A67>T
Zm00001d053062_T001	A53>T
Zm00001d053064_T003	T164>A
Zm00001d053070_T001	A119>T
Zm00001d053087_T001	T38>A
Zm00001d053114_T001	T69>A
Zm00001d053172_T001	T167>A
Zm00001d053199_T001	A8>T
Zm00001d053211_T009_2	A41>T
Zm00001d053210_T001	T158>A
Zm00001d053217_T001	T162>A
Zm00001d053227_T001_2	T30>A;A4>T
Zm00001d053284_T002	T112>A
Zm00001d053286_T004	A24>T
Zm00001d053306_T001	A6>T
Zm00001d053350_T001	T62>A
Zm00001d053372_T001	T159>A;T164>A
Zm00001d053372_T001_2	T53>A;T58>A
Zm00001d053375_T001_2	T77>A
Zm00001d053375_T001	T167>A
Zm00001d053376_T006	T70>A
Zm00001d053397_T001	A133>T
Zm00001d053404_T004	A67>T
Zm00001d053429_T001	T18>A;T23>A
Zm00001d053438_T002	A60>T
Zm00001d053442_T001	A133>T
Zm00001d053580_T002_2	T7>A
Zm00001d053589_T002	T63>A
Zm00001d053595_T002	A43>T
Zm00001d053603_T007	T55>A
Zm00001d053622_T001	T67>A
Zm00001d053623_T001	T166>A
Zm00001d053625_T001	A62>T
Zm00001d053635_T001	T59>A
Zm00001d053663_T001	T2>A;T11>A
Zm00001d053715_T001	T102>A
Zm00001d053731_T001	T32>A
Zm00001d053733_T001	A48>T;A56>T
Zm00001d053738_T003	T146>A
Zm00001d053747_T002	T66>A
Zm00001d053750_T001	A65>T
Zm00001d053772_T001	A67>T
Zm00001d053784_T001	A9>T
Zm00001d053858_T001	T96>A
Zm00001d053859_T001	T22>A
Zm00001d053864_T002	T123>A
Zm00001d053872_T002	T60>A
Zm00001d053881_T001	T83>A
Zm00001d053913_T001	T126>A
Zm00001d053930_T001_2	A13>T;A94>T
Zm00001d053938_T001	T2>A
Zm00001d053940_T001	T96>A
Zm00001d053954_T001_2	T20>A;A71>T
Zm00001d053954_T001	T60>A;A111>T
Zm00001d053966_T001	A57>T
Zm00001d053982_T001	T138>A
Zm00001d053985_T001	A163>T
Zm00001d054034_T001	A156>T
Zm00001d054044_T001	T162>A
Zm00001d054110_T006	A97>T
Zm00001d012818_T001_2	A93>T
Zm00001d012818_T001	A146>T
Zm00001d012819_T001	T153>A
Zm00001d012825_T001	T5>A
Zm00001d012834_T001_2	T43>A
Zm00001d012848_T001	T17>A
Zm00001d012855_T001_2	T30>A
Zm00001d012893_T002	T116>A
Zm00001d012895_T003	T11>A
Zm00001d012938_T002	T96>A
Zm00001d012957_T002	T56>A
Zm00001d012968_T001_2	A28>T
Zm00001d012994_T001	T161>A
Zm00001d013006_T004	T118>A
Zm00001d013043_T001	T161>A
Zm00001d013046_T003	T29>A
Zm00001d013063_T001	T47>A
Zm00001d013067_T001_2	A45>T
Zm00001d013069_T001	A3>T
Zm00001d013072_T001	T156>A
Zm00001d013075_T005	T12>A
Zm00001d013091_T001	A136>T
Zm00001d013094_T001	A25>T
Zm00001d013109_T002	A34>T;A85>T
Zm00001d013113_T001	A133>T
Zm00001d013126_T002	A47>T
Zm00001d013139_T001	T92>A
Zm00001d013184_T001	T166>A
Zm00001d013185_T001	A133>T
Zm00001d013210_T001	T28>A
Zm00001d013218_T001	T14>A
Zm00001d013220_T001	T27>A
Zm00001d013244_T001	A168>T
Zm00001d013250_T001	A3>T
Zm00001d013256_T001	A126>T
Zm00001d013263_T001	T36>A
Zm00001d013273_T003	A160>T
Zm00001d013283_T001_2	T149>A
Zm00001d013323_T001	T100>A
Zm00001d013326_T001	A36>T
Zm00001d013343_T001	A3>T
Zm00001d013390_T001	T5>A
Zm00001d013398_T001	A51>T
Zm00001d013410_T002	A76>T
Zm00001d013410_T002_2	A130>T
Zm00001d013426_T001	T112>A
Zm00001d013441_T003	T57>A
Zm00001d013468_T002	T54>A
Zm00001d013470_T006	T147>A
Zm00001d013522_T001	A9>T
Zm00001d013541_T001	T82>A
Zm00001d013543_T009	A156>T
Zm00001d013546_T002_2	T46>A
Zm00001d013549_T001	T16>A
Zm00001d013550_T001	A146>T
Zm00001d013552_T001_2	T103>A
Zm00001d013559_T001	T46>A
Zm00001d013561_T001	T53>A
Zm00001d013568_T001	A119>T
Zm00001d013571_T001	A63>T
Zm00001d013599_T004	A17>T
Zm00001d013699_T001	T145>A
Zm00001d013758_T002	A35>T
Zm00001d013781_T001	A130>T
Zm00001d013787_T001	A15>T
Zm00001d013794_T001	T97>A
Zm00001d013806_T001	A9>T
Zm00001d013810_T001	A3>T
Zm00001d013836_T003_2	T112>A
Zm00001d013861_T001	T107>A
Zm00001d013895_T002	T112>A
Zm00001d013909_T001	T93>A
Zm00001d013917_T001	T18>A
Zm00001d013935_T001_2	T47>A
Zm00001d013945_T001	T67>A
Zm00001d013955_T001	A147>T
Zm00001d013955_T001_2	A88>T
Zm00001d013956_T001	A49>T
Zm00001d014011_T001	A105>T
Zm00001d014039_T002	T113>A
Zm00001d014040_T001	T95>A
Zm00001d014040_T001_2	T149>A
Zm00001d014050_T001	A91>T
Zm00001d014065_T001	A79>T
Zm00001d014090_T001_2	T166>A
Zm00001d014098_T003	T28>A
Zm00001d014109_T001_2	T62>A
Zm00001d014109_T001	T139>A
Zm00001d014116_T001	A26>T
Zm00001d014126_T001	A12>T
Zm00001d014129_T003	T2>A;A22>T
Zm00001d014145_T001	T41>A
Zm00001d014152_T003	A126>T
Zm00001d014175_T007	T107>A
Zm00001d014178_T005	T136>A
Zm00001d014186_T003	A3>T
Zm00001d014224_T001	T48>A
Zm00001d014241_T001	T20>A
Zm00001d014284_T001	T158>A
Zm00001d014303_T002	T67>A
Zm00001d014319_T001	A69>T
Zm00001d014340_T001	A22>T
Zm00001d014343_T002_2	T118>A
Zm00001d014381_T001	A162>T
Zm00001d014442_T001_2	A148>T
Zm00001d014442_T001	A39>T
Zm00001d014445_T001_2	A29>T
Zm00001d014459_T001_2	A148>T
Zm00001d014463_T001	A22>T
Zm00001d014464_T001_2	T111>A
Zm00001d014495_T001_2	A82>T
Zm00001d014503_T001	A118>T
Zm00001d014509_T001	T164>A
Zm00001d014516_T002_2	A139>T
Zm00001d014564_T001	T117>A
Zm00001d014572_T003	T165>A
Zm00001d014580_T001	T20>A
Zm00001d014609_T002_2	A13>T
Zm00001d014610_T001	T116>A
Zm00001d014623_T001_2	T161>A;A158>T
Zm00001d014628_T001	T81>A;T87>A
Zm00001d014659_T001	A47>T
Zm00001d014673_T001_2	T120>A
Zm00001d014689_T003	T167>A
Zm00001d014692_T001_2	T69>A
Zm00001d014697_T001	A22>T
Zm00001d014703_T001_2	T66>A
Zm00001d014704_T001	A126>T
Zm00001d014733_T001	T76>A
Zm00001d014755_T001	A116>T
Zm00001d014763_T001	T160>A
Zm00001d014769_T001	A75>T
Zm00001d014779_T002	A105>T
Zm00001d014787_T002_2	T142>A
Zm00001d014793_T001	T58>A
Zm00001d014848_T001	A53>T
Zm00001d014872_T001	A8>T
Zm00001d014879_T001	T112>A;A100>T
Zm00001d014879_T001_2	T158>A
Zm00001d014896_T001	T95>A
Zm00001d014943_T002	A135>T
Zm00001d014944_T002_2	T114>A
Zm00001d014944_T002	T44>A
Zm00001d014970_T001	T88>A
Zm00001d014976_T001	A12>T
Zm00001d015026_T001	T163>A
Zm00001d015060_T001	T147>A
Zm00001d015085_T002	A166>T
Zm00001d015114_T001_2	T108>A
Zm00001d015130_T001	A113>T
Zm00001d015164_T001_2	A71>T
Zm00001d015180_T001	T90>A
Zm00001d015194_T001	A3>T
Zm00001d015228_T002	T157>A
Zm00001d015243_T002	A115>T
Zm00001d015246_T003_2	T162>A
Zm00001d015249_T001_2	T161>A
Zm00001d015253_T001	T104>A;A38>T
Zm00001d015306_T001_2	A133>T
Zm00001d015342_T001	T93>A
Zm00001d015375_T001	A4>T
Zm00001d015379_T001	T63>A
Zm00001d015385_T001_2	A142>T
Zm00001d015394_T001	A40>T
Zm00001d015421_T001	T39>A
Zm00001d015426_T001	A26>T
Zm00001d015459_T001	T80>A
Zm00001d015519_T001	T47>A
Zm00001d015529_T001	A100>T
Zm00001d015553_T001_2	T164>A
Zm00001d015594_T001	T24>A
Zm00001d015618_T001	A20>T
Zm00001d015637_T001	T58>A
Zm00001d015638_T001	A60>T
Zm00001d015649_T002_2	T158>A
Zm00001d015654_T001	T35>A
Zm00001d015721_T001	A117>T
Zm00001d015737_T002	T64>A;A29>T
Zm00001d015756_T001	A50>T
Zm00001d015758_T003	T82>A
Zm00001d015816_T002	A162>T
Zm00001d015852_T004	T75>A
Zm00001d015905_T001	T166>A
Zm00001d015963_T002	T35>A
Zm00001d015961_T001	T22>A
Zm00001d015968_T001	A85>T
Zm00001d015977_T001	T46>A
Zm00001d015997_T001	T35>A
Zm00001d016000_T002	A40>T
Zm00001d016044_T001_2	T39>A;T44>A
Zm00001d016044_T001	T11>A;T137>A;T142>A
Zm00001d016048_T001	T57>A
Zm00001d016066_T001_2	A102>T
Zm00001d016091_T001	T41>A
Zm00001d016161_T001	A41>T
Zm00001d016203_T002	A98>T
Zm00001d016373_T004	A54>T
Zm00001d016378_T001	T61>A
Zm00001d016381_T001	T149>A
Zm00001d016395_T001	A69>T;A129>T
Zm00001d016471_T001	T29>A
Zm00001d016501_T001	T110>A;T153>A
Zm00001d016511_T001	T113>A;T123>A
Zm00001d016542_T002	A90>T
Zm00001d016545_T001	A63>T;A30>T
Zm00001d016607_T001	T164>A
Zm00001d016615_T001_2	A82>T
Zm00001d016647_T001_2	T100>A
Zm00001d016665_T001	T10>A
Zm00001d016708_T002_2	T41>A
Zm00001d016720_T001_2	A9>T
Zm00001d016766_T003	T30>A
Zm00001d016786_T001	A141>T
Zm00001d016814_T001	T84>A
Zm00001d016831_T001	T24>A
Zm00001d016832_T002	T45>A
Zm00001d016838_T001	T30>A
Zm00001d016846_T001	A9>T
Zm00001d016894_T003	A55>T
Zm00001d016895_T001	T49>A
Zm00001d016897_T002	A49>T
Zm00001d016938_T001	T124>A
Zm00001d016993_T003	T3>A
Zm00001d017009_T001	A5>T
Zm00001d017047_T001	T66>A
Zm00001d017060_T001	T97>A
Zm00001d017060_T001_2	T11>A
Zm00001d017068_T001	A5>T
Zm00001d017072_T001	T61>A
Zm00001d017124_T001	A14>T
Zm00001d017130_T002	T15>A
Zm00001d017140_T001	T142>A
Zm00001d017146_T001	T165>A
Zm00001d017147_T001	T23>A
Zm00001d017181_T001	T121>A
Zm00001d017193_T001	A130>T
Zm00001d017197_T004_2	T77>A
Zm00001d017250_T001	T84>A
Zm00001d017258_T003	T113>A
Zm00001d017263_T001	T10>A
Zm00001d017271_T002	T115>A
Zm00001d017284_T001	A148>T
Zm00001d017287_T001	T69>A
Zm00001d017293_T001	T117>A
Zm00001d017351_T001_2	T43>A
Zm00001d017351_T001	T159>A
Zm00001d017357_T001	T100>A
Zm00001d017381_T001	T160>A
Zm00001d017393_T001	A168>T
Zm00001d017457_T001_2	T93>A
Zm00001d017477_T001	T49>A
Zm00001d017486_T001	A137>T
Zm00001d017526_T001	T19>A;T162>A
Zm00001d017526_T001_2	T58>A
Zm00001d017528_T001	A148>T;A71>T
Zm00001d017529_T001_2	A145>T
Zm00001d017540_T001	T132>A
Zm00001d017545_T001	T4>A
Zm00001d017576_T001	A124>T
Zm00001d017646_T001	T146>A;A39>T
Zm00001d017647_T001	A131>T
Zm00001d017660_T005_2	T114>A
Zm00001d017684_T001	T84>A
Zm00001d017704_T001	A151>T
Zm00001d017709_T001	T110>A
Zm00001d017712_T001	A66>T
Zm00001d017742_T001	T69>A;A115>T
Zm00001d017752_T001	A20>T
Zm00001d017786_T003	T11>A
Zm00001d017807_T001	T52>A
Zm00001d017818_T001	T60>A
Zm00001d017818_T001_2	T121>A
Zm00001d017833_T001_2	A14>T
Zm00001d017840_T001	T67>A
Zm00001d017840_T001_2	A89>T
Zm00001d017847_T001_2	T160>A
Zm00001d017872_T003_2	A147>T
Zm00001d017880_T005	A102>T
Zm00001d017882_T002	A23>T
Zm00001d017887_T004_2	T73>A
Zm00001d017887_T004	T22>A
Zm00001d017945_T002	T63>A
Zm00001d017945_T002_2	T147>A
Zm00001d018014_T002	T23>A
Zm00001d018032_T001	T76>A
Zm00001d018042_T002	T90>A
Zm00001d018104_T001	T2>A
Zm00001d018122_T001	A70>T
Zm00001d018126_T001	A132>T
Zm00001d018147_T001	A119>T
Zm00001d018192_T001_2	A63>T
Zm00001d018225_T001	T2>A
Zm00001d018247_T001	T15>A
Zm00001d018260_T001	A111>T
Zm00001d018261_T002	T76>A
Zm00001d018263_T001	A101>T
Zm00001d018277_T002_2	A84>T
Zm00001d018284_T001	T14>A
Zm00001d018326_T001	T68>A
Zm00001d018328_T002	A46>T
Zm00001d018330_T001	A53>T
Zm00001d018332_T001	A28>T
Zm00001d018335_T001	A25>T
Zm00001d018356_T001	A116>T
Zm00001d018366_T001	A142>T;A100>T
Zm00001d018369_T002	T58>A
Zm00001d018370_T001	T121>A
Zm00001d018413_T005	A49>T
Zm00001d018417_T001	T68>A
Zm00001d018429_T001	A44>T
Zm00001d018429_T001_2	A130>T
Zm00001d018444_T001_2	T9>A
Zm00001d018452_T001_2	A25>T
Zm00001d018454_T001	A131>T
Zm00001d018465_T002	A64>T
Zm00001d018477_T003	T137>A
Zm00001d018499_T001	T143>A
Zm00001d018508_T001	T147>A;A34>T
Zm00001d018515_T002	T141>A
Zm00001d018517_T001	T141>A
Zm00001d018537_T001	A23>T
Zm00001d018575_T001	A93>T
Zm00001d034964_T002_2	T158>A
Zm00001d034968_T002	A83>T
Zm00001d034996_T004_2	T95>A
Zm00001d035001_T001	T72>A
Zm00001d035003_T001	T61>A;A53>T
Zm00001d035029_T003	T129>A
Zm00001d035037_T001_2	T43>A;A64>T
Zm00001d035067_T001	T3>A
Zm00001d035139_T002	T39>A
Zm00001d035184_T001	T22>A
Zm00001d035208_T002_2	A79>T
Zm00001d035234_T001	T5>A
Zm00001d035285_T003	T16>A;T137>A
Zm00001d035310_T001	A135>T
Zm00001d035321_T001	T105>A
Zm00001d035322_T001	A61>T
Zm00001d035367_T001	A22>T
Zm00001d035388_T001	T28>A;T37>A;A52>T;A89>T
Zm00001d035393_T001	A105>T
Zm00001d035506_T003	T36>A
Zm00001d035526_T002_2	T105>A
Zm00001d035526_T002	T44>A
Zm00001d035542_T002	T108>A
Zm00001d035552_T001	A52>T
Zm00001d035595_T002	A51>T
Zm00001d035601_T001	A106>T
Zm00001d035609_T001	T10>A
Zm00001d035626_T001	A36>T
Zm00001d035634_T001	A71>T
Zm00001d035659_T001	T28>A;T103>A
Zm00001d035662_T001	T110>A
Zm00001d035663_T001	T40>A
Zm00001d035677_T001	A129>T
Zm00001d035752_T002	A39>T
Zm00001d035764_T001	A47>T
Zm00001d035875_T002	T36>A
Zm00001d035907_T001	A17>T
Zm00001d035922_T001	A19>T
Zm00001d035945_T001	A106>T;A144>T
Zm00001d036002_T001	T67>A
Zm00001d036004_T003_2	T75>A;A103>T
Zm00001d036018_T001	A56>T
Zm00001d036020_T001	A32>T
Zm00001d036045_T001	T103>A
Zm00001d036131_T001	A24>T
Zm00001d036318_T001	T68>A
Zm00001d036328_T001_2	A40>T
Zm00001d036364_T001	A48>T
Zm00001d036401_T001	A41>T
Zm00001d036410_T001	T133>A
Zm00001d036416_T001_2	A87>T
Zm00001d036417_T001_2	T46>A
Zm00001d036437_T001	A20>T
Zm00001d036438_T001	T109>A
Zm00001d036441_T001	T85>A
Zm00001d036442_T002	T160>A
Zm00001d036463_T001	T93>A
Zm00001d036482_T001	A28>T
Zm00001d036507_T004	T26>A
Zm00001d036525_T001	A18>T
Zm00001d036524_T001_2	A34>T
Zm00001d036530_T001	T95>A
Zm00001d036532_T001	A89>T
Zm00001d036641_T001	T159>A;A125>T
Zm00001d036720_T001	T89>A
Zm00001d036775_T001	A58>T
Zm00001d036829_T002	T138>A
Zm00001d036867_T001	A115>T
Zm00001d036894_T001	A110>T
Zm00001d036936_T002	A129>T
Zm00001d036940_T005	A7>T
Zm00001d036964_T001_2	A96>T
Zm00001d036965_T001	T68>A
Zm00001d036981_T006	T52>A
Zm00001d037018_T001	T144>A
Zm00001d037052_T001	T49>A
Zm00001d037054_T001	T9>A
Zm00001d037058_T001	A3>T
Zm00001d037072_T001	T17>A
Zm00001d037086_T001_2	T75>A
Zm00001d037115_T002_2	T59>A
Zm00001d037120_T001	A85>T
Zm00001d037146_T001	A164>T
Zm00001d037207_T001_2	T70>A;T80>A;A33>T
Zm00001d037227_T003	T41>A
Zm00001d037243_T001	A38>T
Zm00001d037251_T001	T2>A
Zm00001d037277_T001_2	A129>T
Zm00001d037278_T001_2	T95>A
Zm00001d037279_T002	T56>A
Zm00001d037315_T002	T29>A
Zm00001d037370_T001	T139>A
Zm00001d037375_T001	A137>T
Zm00001d037413_T002_2	T15>A
Zm00001d037427_T001	A6>T
Zm00001d037446_T005	T143>A
Zm00001d037453_T001	T107>A
Zm00001d037484_T003_2	A64>T
Zm00001d037490_T001	T41>A
Zm00001d037491_T001	T122>A
Zm00001d037495_T002	T130>A
Zm00001d037529_T001	T2>A
Zm00001d037532_T001	T119>A
Zm00001d037576_T001	T160>A
Zm00001d037589_T001	A63>T
Zm00001d037603_T003	T144>A
Zm00001d037616_T001	T48>A
Zm00001d037619_T002	T43>A
Zm00001d037620_T002	A133>T
Zm00001d037623_T001	A24>T
Zm00001d037631_T001	T36>A;T50>A
Zm00001d037637_T001	T67>A;A156>T
Zm00001d037690_T001	A50>T
Zm00001d037708_T001	A20>T
Zm00001d037711_T001	T160>A
Zm00001d037724_T001	T82>A;A34>T
Zm00001d037747_T001	T15>A;T67>A
Zm00001d037813_T002	A132>T
Zm00001d037843_T001	A6>T
Zm00001d037857_T001	T108>A
Zm00001d037929_T002	A83>T
Zm00001d037937_T001	T107>A
Zm00001d037945_T001	A157>T
Zm00001d037968_T002	T27>A
Zm00001d037985_T001	T7>A;T98>A
Zm00001d038003_T001	T3>A
Zm00001d038047_T001	T26>A
Zm00001d038065_T001	T158>A
Zm00001d038125_T001	T34>A
Zm00001d038134_T002	T119>A
Zm00001d038138_T001	T21>A
Zm00001d038151_T001	A85>T
Zm00001d038164_T001_2	T35>A
Zm00001d038171_T001	T58>A
Zm00001d038177_T001	T95>A
Zm00001d038270_T001	T46>A
Zm00001d038280_T001_2	A100>T
Zm00001d038281_T001	A50>T
Zm00001d038282_T003	T128>A
Zm00001d038284_T001	T11>A
Zm00001d038288_T001	A10>T
Zm00001d038296_T001	T161>A
Zm00001d038329_T001	A132>T
Zm00001d038361_T002	T157>A
Zm00001d038377_T001	A7>T
Zm00001d038389_T001_2	T87>A
Zm00001d038431_T001	T119>A
Zm00001d038442_T001	T77>A
Zm00001d038450_T001	T2>A
Zm00001d038475_T001_2	T159>A
Zm00001d038475_T001	T68>A
Zm00001d038532_T001	T10>A
Zm00001d038552_T001_2	A41>T
Zm00001d038557_T001	A158>T
Zm00001d038557_T001_2	A87>T
Zm00001d038560_T001	T125>A
Zm00001d038579_T001_2	A32>T
Zm00001d038579_T001	A117>T
Zm00001d038584_T001	A89>T
Zm00001d038589_T002	A109>T
Zm00001d038619_T001	A42>T
Zm00001d038625_T001	A111>T
Zm00001d038628_T001	A138>T
Zm00001d038630_T001	A49>T
Zm00001d038646_T002	T149>A
Zm00001d038650_T001_2	T134>A
Zm00001d038650_T001	T55>A
Zm00001d038725_T001	A86>T
Zm00001d038750_T001	T29>A
Zm00001d038757_T001	A58>T
Zm00001d038772_T001	A105>T
Zm00001d038779_T002_2	A153>T
Zm00001d038779_T002	A35>T
Zm00001d038799_T001	A34>T
Zm00001d038809_T002	A131>T
Zm00001d038815_T001_2	A13>T
Zm00001d038842_T001	A31>T
Zm00001d038846_T001	A113>T
Zm00001d038853_T001	T24>A
Zm00001d038862_T002	A76>T
Zm00001d038871_T001_2	T110>A
Zm00001d038901_T001	T60>A
Zm00001d038925_T003	T114>A
Zm00001d038926_T001	A97>T
Zm00001d038937_T001	T52>A
Zm00001d038946_T002	A159>T
Zm00001d038970_T001	T19>A
Zm00001d038977_T001	A49>T
Zm00001d038992_T001	T148>A
Zm00001d038999_T001	T49>A
Zm00001d039001_T002	T2>A;T100>A
Zm00001d039031_T001	T4>A
Zm00001d039043_T002	A83>T
Zm00001d039044_T001	A24>T
Zm00001d039065_T003_2	A136>T
Zm00001d039065_T003	A93>T
Zm00001d039070_T001	T38>A
Zm00001d039077_T001	T162>A
Zm00001d039095_T001	A40>T
Zm00001d039095_T001_2	A104>T
Zm00001d039162_T001_2	T12>A
Zm00001d039165_T008_2	T9>A
Zm00001d039166_T002	A3>T
Zm00001d039192_T001	T18>A
Zm00001d039218_T002	A3>T;A55>T
Zm00001d039221_T001	T2>A
Zm00001d018615_T001	A31>T
Zm00001d018683_T001	A8>T
Zm00001d018692_T001	T34>A
Zm00001d018707_T001	A118>T
Zm00001d018717_T001	T84>A
Zm00001d018727_T001_2	T102>A;A168>T
Zm00001d018740_T001	A78>T;A141>T
Zm00001d018752_T001	T67>A;T88>A
Zm00001d018776_T003	A51>T
Zm00001d018816_T001	T4>A
Zm00001d018826_T001	A71>T
Zm00001d018828_T001	A14>T
Zm00001d018872_T004	T86>A
Zm00001d018873_T001	T158>A
Zm00001d018883_T001	T135>A
Zm00001d018904_T002	A110>T
Zm00001d018943_T001	T163>A
Zm00001d018986_T001_2	A109>T
Zm00001d019002_T001	A149>T
Zm00001d019078_T001	T100>A
Zm00001d019093_T001	A75>T
Zm00001d019155_T001	T164>A
Zm00001d019176_T001	T20>A
Zm00001d019215_T002	T19>A;A29>T
Zm00001d019234_T001	T49>A
Zm00001d019277_T001	T3>A
Zm00001d019280_T002	A6>T
Zm00001d019283_T003_2	T92>A
Zm00001d019298_T002	T4>A
Zm00001d019304_T001	A121>T;A128>T
Zm00001d019377_T002	A110>T
Zm00001d019426_T001	T94>A;A3>T
Zm00001d019426_T001_2	T49>A
Zm00001d019461_T001	T127>A
Zm00001d019481_T001	A23>T
Zm00001d019505_T001_2	T22>A
Zm00001d019560_T001	T68>A
Zm00001d019561_T005	A148>T
Zm00001d019562_T001	T5>A;A106>T
Zm00001d019563_T002	T71>A;A163>T
Zm00001d019645_T001	T161>A
Zm00001d019672_T002	T41>A
Zm00001d019700_T001	A34>T
Zm00001d019712_T001	T49>A;A70>T
Zm00001d019723_T001	A64>T
Zm00001d019734_T001	T118>A
Zm00001d019752_T001	A54>T
Zm00001d019850_T002	A164>T
Zm00001d019915_T001	A125>T
Zm00001d019922_T003	T106>A
Zm00001d019922_T003_2	T56>A
Zm00001d019950_T001_2	T163>A
Zm00001d019956_T002	T100>A
Zm00001d020008_T002	A4>T
Zm00001d020032_T001	A142>T
Zm00001d020097_T003_2	A31>T
Zm00001d020100_T001	T56>A;A52>T
Zm00001d020108_T002_2	A34>T
Zm00001d020128_T001	A76>T
Zm00001d020138_T001	A76>T
Zm00001d020160_T001	T159>A
Zm00001d020204_T009	A83>T;A137>T
Zm00001d020227_T013	T13>A
Zm00001d020242_T002	T100>A
Zm00001d020292_T001	A133>T
Zm00001d020309_T001_2	T60>A
Zm00001d020310_T002_2	A96>T
Zm00001d020354_T001	T65>A
Zm00001d020396_T003	A57>T
Zm00001d020419_T005_2	T2>A
Zm00001d020424_T005	A91>T
Zm00001d020426_T001_2	A75>T
Zm00001d020438_T002_2	A73>T
Zm00001d020442_T001	A48>T
Zm00001d020477_T001	T100>A
Zm00001d020486_T001	A97>T
Zm00001d020543_T001	A13>T
Zm00001d020583_T001	T56>A
Zm00001d020584_T001	T17>A
Zm00001d020604_T001	A112>T
Zm00001d020627_T001	T94>A
Zm00001d020629_T001	A95>T
Zm00001d020636_T002_2	T166>A
Zm00001d020636_T002	T48>A
Zm00001d020639_T002	T123>A
Zm00001d020650_T001	T20>A;T97>A
Zm00001d020655_T001	A22>T
Zm00001d020728_T004	T165>A
Zm00001d020731_T001	T61>A
Zm00001d020750_T001	A71>T
Zm00001d020764_T002	T128>A
Zm00001d020769_T002	A6>T
Zm00001d020772_T001	A98>T;A108>T;A133>T
Zm00001d020793_T001	T89>A
Zm00001d020804_T001	A148>T
Zm00001d020821_T002	T161>A
Zm00001d020825_T001	A138>T
Zm00001d020828_T001	A73>T
Zm00001d020834_T002	T147>A
Zm00001d020857_T001	A31>T
Zm00001d020908_T003	A64>T
Zm00001d020911_T001	T25>A
Zm00001d020925_T001	T50>A
Zm00001d020936_T001	T162>A
Zm00001d020939_T001_2	A29>T
Zm00001d020963_T001_2	T69>A
Zm00001d020965_T002	T158>A
Zm00001d020965_T002_2	T118>A
Zm00001d020971_T002	T150>A
Zm00001d021031_T002	A93>T
Zm00001d021058_T001	T166>A
Zm00001d021086_T001	T17>A
Zm00001d021149_T001	T135>A
Zm00001d021162_T001	A28>T
Zm00001d021168_T001	T143>A
Zm00001d021203_T001_2	A11>T
Zm00001d021203_T001	A118>T
Zm00001d021284_T001	T49>A
Zm00001d021299_T001	T166>A
Zm00001d021303_T002	T137>A;A66>T
Zm00001d021316_T001	T107>A
Zm00001d021321_T001	T41>A
Zm00001d021337_T001	A154>T
Zm00001d021431_T001	T19>A
Zm00001d021487_T001	T53>A
Zm00001d021520_T001	A70>T
Zm00001d021521_T001_2	A76>T
Zm00001d021541_T003	T12>A
Zm00001d021544_T001	T159>A
Zm00001d021582_T001_2	T38>A
Zm00001d021584_T002	T161>A
Zm00001d021590_T001	A59>T
Zm00001d021596_T001_2	A123>T
Zm00001d021601_T001	T102>A;T107>A
Zm00001d021609_T004_2	T101>A;T148>A
Zm00001d021617_T002	A97>T;A105>T
Zm00001d021620_T001	A128>T
Zm00001d021628_T001	A116>T
Zm00001d021647_T003_2	T12>A
Zm00001d021676_T001_2	T158>A
Zm00001d021684_T002	A67>T;A24>T
Zm00001d021696_T002	T56>A
Zm00001d021705_T001	A8>T
Zm00001d021728_T002	T64>A
Zm00001d021775_T001_2	T163>A
Zm00001d021778_T001	A134>T
Zm00001d021782_T001	T134>A
Zm00001d021791_T001	T72>A
Zm00001d021920_T001	A56>T
Zm00001d021948_T001	T30>A
Zm00001d021952_T001	A3>T
Zm00001d021971_T001	A35>T
Zm00001d022002_T001	A33>T
Zm00001d022032_T001	T42>A
Zm00001d022073_T001	T158>A
Zm00001d022075_T001	A85>T
Zm00001d022082_T001	A36>T;A43>T
Zm00001d022090_T001	A66>T
Zm00001d022089_T001	T5>A
Zm00001d022094_T001	T87>A
Zm00001d022101_T001	T38>A
Zm00001d022112_T001	T7>A
Zm00001d022141_T001	T163>A;A100>T
Zm00001d022141_T001_2	A148>T
Zm00001d022162_T001	T46>A
Zm00001d022175_T001	A40>T
Zm00001d022184_T004_2	T19>A
Zm00001d022185_T004	T105>A
Zm00001d022188_T003	T2>A
Zm00001d022241_T001	A109>T
Zm00001d022242_T001	T101>A
Zm00001d022274_T001	T51>A
Zm00001d022275_T001	T156>A
Zm00001d022283_T001	A79>T;A58>T
Zm00001d022313_T001	A8>T
Zm00001d022324_T001	T139>A
Zm00001d022330_T002_2	A109>T
Zm00001d022337_T001	T117>A
Zm00001d022349_T001	A31>T
Zm00001d022372_T001	A60>T
Zm00001d022380_T001	T41>A
Zm00001d022384_T001	A94>T
Zm00001d022428_T002_2	T93>A
Zm00001d022439_T001	A87>T
Zm00001d022464_T001	T11>A
Zm00001d022501_T001	A123>T
Zm00001d022557_T001	T160>A
Zm00001d022573_T002	T23>A
Zm00001d022579_T001	T71>A
Zm00001d022583_T001	A38>T
Zm00001d022586_T006_2	T103>A
Zm00001d022630_T001	T40>A
Zm00001d022631_T002	A58>T
Zm00001d022641_T001	A151>T
Zm00001d008210_T002	A56>T
Zm00001d008218_T003_2	A61>T
Zm00001d008219_T001	T26>A
Zm00001d008223_T001	A42>T
Zm00001d008236_T007	T45>A;A29>T
Zm00001d008241_T001	A17>T
Zm00001d008244_T004	A18>T
Zm00001d008251_T002	A14>T
Zm00001d008272_T001	A119>T
Zm00001d008307_T001	A160>T
Zm00001d008326_T002	T163>A
Zm00001d008346_T001	T86>A
Zm00001d008352_T001	T22>A
Zm00001d008372_T001	T167>A
Zm00001d008377_T001	A42>T
Zm00001d008395_T001	A60>T
Zm00001d008434_T001	T153>A
Zm00001d008435_T004	A148>T
Zm00001d008439_T001_2	T30>A
Zm00001d008503_T001	T159>A
Zm00001d008525_T001	T3>A
Zm00001d008549_T001	T164>A
Zm00001d008586_T001	T124>A
Zm00001d008635_T001	T77>A
Zm00001d008640_T001	T145>A
Zm00001d008651_T001	T35>A
Zm00001d008674_T001	T83>A
Zm00001d008679_T005	A116>T
Zm00001d008681_T001	A122>T
Zm00001d008725_T004_2	T35>A;A66>T
Zm00001d008734_T001	T25>A
Zm00001d008743_T003	A128>T
Zm00001d008744_T005	A115>T
Zm00001d008808_T001	T163>A
Zm00001d008817_T001	A26>T
Zm00001d008872_T001	T71>A
Zm00001d008932_T001	T3>A;A107>T
Zm00001d008953_T001	T26>A
Zm00001d008961_T001	T163>A
Zm00001d008997_T002_2	T59>A;A24>T
Zm00001d009046_T001	A5>T
Zm00001d009054_T002	T25>A;A112>T
Zm00001d009055_T002	T7>A
Zm00001d009112_T001	T82>A;T162>A
Zm00001d009128_T001	T39>A
Zm00001d009146_T002_2	T164>A
Zm00001d009146_T002	T59>A;T162>A
Zm00001d009161_T001	T128>A
Zm00001d009193_T001	A88>T
Zm00001d009315_T001	T38>A
Zm00001d009338_T001	T158>A
Zm00001d009398_T001	T18>A
Zm00001d009407_T001	T33>A
Zm00001d009410_T001_2	T110>A
Zm00001d009426_T005	T3>A
Zm00001d009431_T002	T158>A
Zm00001d009475_T001	T62>A
Zm00001d009508_T001	A10>T
Zm00001d009549_T001	A46>T
Zm00001d009556_T001	A24>T
Zm00001d009583_T001	T22>A
Zm00001d009588_T001	A37>T
Zm00001d009594_T001	A91>T
Zm00001d009613_T001	T42>A
Zm00001d009631_T001	T35>A
Zm00001d009666_T001	A33>T
Zm00001d009719_T003	T17>A
Zm00001d009740_T003_2	T83>A
Zm00001d009741_T001_2	A137>T
Zm00001d009741_T001	T42>A
Zm00001d009746_T001	A36>T
Zm00001d009750_T002	T46>A
Zm00001d009761_T003_2	T102>A
Zm00001d009797_T001	T39>A
Zm00001d009870_T001	A52>T
Zm00001d009878_T001	T145>A
Zm00001d009907_T001	T125>A
Zm00001d009938_T002	T92>A
Zm00001d009975_T001	A20>T
Zm00001d010008_T001	A52>T
Zm00001d010010_T001	A111>T
Zm00001d010038_T001	T113>A
Zm00001d010106_T001	A14>T
Zm00001d010112_T001	A134>T
Zm00001d010115_T001	A9>T
Zm00001d010128_T003	T10>A
Zm00001d010135_T001	T55>A;A96>T
Zm00001d010149_T004	A11>T;A21>T
Zm00001d010232_T003	T109>A;T149>A
Zm00001d010233_T002	T164>A;T62>A
Zm00001d010236_T001	T10>A
Zm00001d010259_T001	A47>T
Zm00001d010272_T001	T15>A
Zm00001d010271_T003_2	A10>T
Zm00001d010294_T001	T57>A
Zm00001d010304_T001	T8>A
Zm00001d010315_T003	T15>A
Zm00001d010341_T006	T60>A
Zm00001d010464_T001	T23>A
Zm00001d010465_T001	T55>A
Zm00001d010534_T003	T63>A
Zm00001d010534_T003_2	T22>A
Zm00001d010540_T001	T51>A
Zm00001d010570_T001	T84>A
Zm00001d010607_T001	A130>T
Zm00001d010617_T001	T156>A
Zm00001d010645_T001	A67>T
Zm00001d010650_T001	T50>A
Zm00001d010689_T001	T40>A
Zm00001d010693_T001	A35>T
Zm00001d010698_T001	A40>T
Zm00001d010723_T001_2	T11>A
Zm00001d010733_T001	T158>A
Zm00001d010809_T001	A119>T
Zm00001d010814_T001_2	A16>T
Zm00001d010818_T001	T50>A
Zm00001d010818_T001_2	T160>A
Zm00001d010823_T003	T2>A;T52>A
Zm00001d010884_T001	T2>A
Zm00001d010901_T001	A77>T
Zm00001d010923_T002	T11>A
Zm00001d010961_T001	A124>T
Zm00001d011038_T001	A104>T
Zm00001d011085_T001	A70>T
Zm00001d011096_T002_2	T43>A
Zm00001d011108_T002	A62>T
Zm00001d011135_T001	T71>A
Zm00001d011147_T002	T134>A
Zm00001d011150_T005	T5>A
Zm00001d011169_T001	A148>T
Zm00001d011241_T001	T26>A
Zm00001d011242_T002	A103>T
Zm00001d011245_T001	T74>A
Zm00001d011245_T001_2	A30>T
Zm00001d011246_T001_2	T29>A
Zm00001d011283_T002	A95>T
Zm00001d011312_T001	T93>A
Zm00001d011347_T001_2	T9>A
Zm00001d011347_T001	T90>A
Zm00001d011362_T002	A55>T
Zm00001d011364_T001	T80>A
Zm00001d011424_T003	A106>T
Zm00001d011426_T003_2	A111>T
Zm00001d011433_T001	T46>A
Zm00001d011483_T001	T89>A
Zm00001d011488_T001	T153>A
Zm00001d011511_T001	T160>A
Zm00001d011525_T002_2	A113>T
Zm00001d011525_T002	A79>T
Zm00001d011531_T001	T7>A
Zm00001d011595_T013	T2>A
Zm00001d011617_T003	A102>T
Zm00001d011619_T001	T80>A
Zm00001d011620_T001	T50>A
Zm00001d011625_T001	A4>T
Zm00001d011627_T001	A93>T;A143>T
Zm00001d011628_T001	A19>T
Zm00001d011635_T001	T53>A
Zm00001d011648_T001	A133>T
Zm00001d011645_T001_2	T11>A
Zm00001d011653_T001	A122>T
Zm00001d011711_T001	A147>T
Zm00001d011722_T001	T84>A
Zm00001d011742_T005	A148>T
Zm00001d011762_T002	T146>A
Zm00001d011780_T002	A85>T
Zm00001d011782_T002	A56>T
Zm00001d011786_T001	A110>T
Zm00001d011790_T001	T11>A
Zm00001d011802_T001	T120>A
Zm00001d011812_T001	T17>A
Zm00001d011826_T001	A15>T
Zm00001d011833_T001	T46>A
Zm00001d011834_T001	T88>A
Zm00001d011846_T001	A19>T
Zm00001d011851_T001	T163>A
Zm00001d011912_T002	A7>T
Zm00001d011919_T001	A53>T
Zm00001d011929_T002	T12>A
Zm00001d011952_T001	T149>A
Zm00001d011981_T007_2	T112>A
Zm00001d012003_T001	A48>T
Zm00001d012010_T001_2	A151>T
Zm00001d012016_T001_2	A42>T
Zm00001d012061_T001	A113>T
Zm00001d012061_T001_2	A49>T
Zm00001d012067_T003	A74>T
Zm00001d012080_T001	T147>A
Zm00001d012095_T001	A4>T
Zm00001d012108_T003	T157>A;A153>T
Zm00001d012119_T001	T44>A
Zm00001d012120_T001	A11>T
Zm00001d012132_T001	T162>A
Zm00001d012145_T001_2	A5>T
Zm00001d012145_T001	T30>A
Zm00001d012152_T001	A156>T
Zm00001d012246_T001	T142>A
Zm00001d012265_T001	T37>A
Zm00001d012270_T001	T31>A
Zm00001d012273_T001	T2>A
Zm00001d012296_T001	T40>A
Zm00001d012325_T001	A31>T
Zm00001d012393_T001	T28>A
Zm00001d012400_T001	A143>T
Zm00001d012457_T003	T25>A;A151>T
Zm00001d012463_T001	T88>A
Zm00001d012472_T001	A138>T
Zm00001d012483_T001	T7>A
Zm00001d012494_T001	T122>A
Zm00001d012505_T001	T5>A
Zm00001d012505_T001_2	T53>A
Zm00001d012516_T001	A110>T
Zm00001d012522_T001	T84>A
Zm00001d012524_T001	T139>A
Zm00001d012537_T003	T154>A
Zm00001d012567_T001	A8>T
Zm00001d012576_T001	T147>A
Zm00001d012585_T001	A23>T
Zm00001d012585_T001_2	A73>T
Zm00001d012605_T001	T107>A
Zm00001d012619_T001	A24>T
Zm00001d012626_T001	T23>A
Zm00001d012633_T001	A43>T
Zm00001d012645_T001	T12>A
Zm00001d012649_T001	A45>T
Zm00001d012654_T001	T5>A
Zm00001d012654_T001_2	T90>A
Zm00001d012666_T002	A153>T
Zm00001d012671_T001	T23>A
Zm00001d012677_T008_2	T64>A
Zm00001d012677_T008	T12>A
Zm00001d012712_T001	A19>T
Zm00001d012729_T002_2	T147>A
Zm00001d012776_T001	T60>A
Zm00001d012782_T001	A19>T
Zm00001d044757_T007	T145>A
Zm00001d044766_T001	A75>T
Zm00001d044773_T001	T29>A
Zm00001d044783_T001	T149>A
Zm00001d044806_T002	T23>A
Zm00001d044814_T002	T159>A
Zm00001d044831_T001	T34>A
Zm00001d044874_T001	T29>A
Zm00001d044921_T001_2	T144>A
Zm00001d044923_T001	T32>A;A39>T
Zm00001d044935_T001	T101>A
Zm00001d044951_T001	A57>T
Zm00001d044980_T001	T114>A
Zm00001d044986_T001	T51>A
Zm00001d045024_T002	A156>T
Zm00001d045031_T001	T55>A
Zm00001d045050_T002_2	A45>T
Zm00001d045118_T001	T147>A
Zm00001d045160_T001	T54>A
Zm00001d045163_T001	T149>A
Zm00001d045193_T001	A157>T
Zm00001d045210_T001_2	A92>T
Zm00001d045211_T001	T160>A
Zm00001d045294_T001	T146>A
Zm00001d045294_T001_2	T32>A
Zm00001d045310_T002	T43>A
Zm00001d045339_T001	T28>A
Zm00001d045390_T001_2	A76>T
Zm00001d045390_T001	A164>T
Zm00001d045397_T001	A148>T
Zm00001d045417_T002	A137>T
Zm00001d045430_T002_2	T136>A;T141>A
Zm00001d045459_T001	T146>A
Zm00001d045478_T001	T40>A
Zm00001d045480_T001	T165>A
Zm00001d045491_T003	A20>T
Zm00001d045500_T003	A90>T
Zm00001d045544_T001_2	T26>A
Zm00001d045565_T001	A39>T
Zm00001d045575_T001	T94>A
Zm00001d045607_T001	T79>A
Zm00001d045620_T001	A153>T
Zm00001d045644_T001	T43>A
Zm00001d045657_T001	T21>A
Zm00001d045679_T001	A122>T
Zm00001d045724_T001	T91>A
Zm00001d045784_T001	T163>A
Zm00001d045787_T002	A55>T
Zm00001d045808_T003_2	A30>T
Zm00001d045926_T002	A111>T
Zm00001d045928_T001	A49>T
Zm00001d045940_T001	T23>A
Zm00001d045949_T001	T29>A
Zm00001d045957_T001	A81>T
Zm00001d046073_T001	T162>A
Zm00001d046134_T001	T12>A
Zm00001d046157_T001	A74>T
Zm00001d046166_T002	A5>T
Zm00001d046168_T002	T43>A
Zm00001d046178_T001	A100>T
Zm00001d046186_T001	T8>A
Zm00001d046218_T001	T117>A
Zm00001d046243_T002	T24>A
Zm00001d046261_T002	A4>T
Zm00001d046297_T001	T66>A
Zm00001d046305_T001	A85>T
Zm00001d046330_T002	A51>T
Zm00001d046342_T002	T80>A;T142>A
Zm00001d046391_T001	T61>A
Zm00001d046439_T001	T88>A
Zm00001d046450_T001	T37>A
Zm00001d046472_T001	T115>A
Zm00001d046472_T001_2	T30>A
Zm00001d046483_T002	T19>A
Zm00001d046483_T002_2	T63>A
Zm00001d046485_T001	T100>A
Zm00001d046530_T001	A65>T
Zm00001d046642_T001	T12>A
Zm00001d046644_T001	T50>A
Zm00001d046668_T001	A57>T
Zm00001d046675_T001	T25>A
Zm00001d046722_T002_2	A57>T
Zm00001d046764_T001	T76>A
Zm00001d046765_T001	T4>A
Zm00001d046766_T001	A29>T
Zm00001d046772_T001	T62>A
Zm00001d046786_T001	A127>T
Zm00001d046909_T001	T129>A
Zm00001d046961_T001	A59>T
Zm00001d046986_T001	A121>T
Zm00001d047066_T002	A22>T
Zm00001d047069_T001	T59>A
Zm00001d047079_T001	T157>A
Zm00001d047103_T001	T56>A
Zm00001d047163_T001	T139>A
Zm00001d047191_T004_2	T147>A
Zm00001d047211_T001	T21>A
Zm00001d047219_T001	A32>T;A153>T
Zm00001d047251_T004	A6>T
Zm00001d047255_T001	A121>T
Zm00001d047268_T001	A105>T
Zm00001d047272_T001	T90>A
Zm00001d047276_T001	T166>A
Zm00001d047290_T001	T26>A
Zm00001d047334_T001	A39>T
Zm00001d047366_T001	A66>T
Zm00001d047396_T001_2	T69>A
Zm00001d047428_T001	A3>T
Zm00001d047438_T001	T160>A
Zm00001d047442_T001	A34>T
Zm00001d047446_T001_2	A49>T
Zm00001d047461_T001	A6>T
Zm00001d047472_T002	T19>A
Zm00001d047489_T001	T106>A
Zm00001d047494_T003_2	T59>A
Zm00001d047499_T001	A27>T
Zm00001d047504_T001	T34>A;A110>T
Zm00001d047517_T001_2	A121>T
Zm00001d047517_T001	A56>T
Zm00001d047536_T001_2	A20>T
Zm00001d047560_T001	A71>T
Zm00001d047566_T003_2	T2>A
Zm00001d047570_T001	T4>A
Zm00001d047573_T001	T120>A;A108>T
Zm00001d047620_T003	A114>T
Zm00001d047664_T001	T162>A
Zm00001d047689_T002	T60>A
Zm00001d047707_T002	T9>A
Zm00001d047707_T002_2	T101>A
Zm00001d047709_T001_2	A54>T
Zm00001d047753_T001	T34>A
Zm00001d047842_T003	T38>A
Zm00001d047859_T001	T105>A
Zm00001d047865_T001	A79>T
Zm00001d047881_T001	T144>A
Zm00001d047893_T003	T141>A
Zm00001d047896_T008	T72>A
Zm00001d047912_T002	A36>T
Zm00001d047920_T001	A27>T
Zm00001d047968_T001	T106>A
Zm00001d047993_T001	A65>T
Zm00001d048006_T001	T148>A
Zm00001d048022_T001	T94>A
Zm00001d048041_T004	T80>A
Zm00001d048066_T001_2	T63>A
Zm00001d048070_T001	T75>A
Zm00001d048084_T001_2	T14>A
Zm00001d048098_T001	T99>A
Zm00001d048101_T002	T106>A
Zm00001d048136_T001	T87>A
Zm00001d048137_T002	A118>T
Zm00001d048138_T008	A89>T
Zm00001d048146_T001	T163>A;A6>T
Zm00001d048154_T004	T33>A
Zm00001d048208_T001	T166>A
Zm00001d048220_T001	T122>A
Zm00001d048262_T001	A83>T;A94>T
Zm00001d048308_T001	T23>A
Zm00001d048321_T001	T3>A
Zm00001d048334_T001	A57>T
Zm00001d048338_T004_2	T15>A
Zm00001d048344_T002	T161>A
Zm00001d048370_T001	A153>T
Zm00001d048420_T001_2	T27>A
Zm00001d048434_T002	A53>T
Zm00001d048462_T001	T14>A
Zm00001d048512_T003	A39>T
Zm00001d048526_T001	A7>T
Zm00001d048542_T001	T47>A
Zm00001d048544_T003	T104>A
Zm00001d048545_T003	A3>T
Zm00001d048556_T002	T59>A;A52>T
Zm00001d048558_T001	A53>T
Zm00001d048569_T001	T147>A
Zm00001d023215_T001	T113>A
Zm00001d023216_T001	A160>T
Zm00001d023260_T002	T42>A
Zm00001d023265_T002	A90>T
Zm00001d023278_T003	T165>A;A69>T
Zm00001d023278_T003_2	T108>A;A12>T
Zm00001d023290_T001	T91>A
Zm00001d023312_T001	T3>A
Zm00001d023316_T002	T60>A
Zm00001d023332_T001	T74>A
Zm00001d023345_T001	T88>A
Zm00001d023378_T001	A83>T
Zm00001d023385_T001	T55>A
Zm00001d023452_T001	A140>T
Zm00001d023456_T001	A136>T
Zm00001d023472_T001	T134>A
Zm00001d023477_T001	A24>T
Zm00001d023522_T001	A120>T
Zm00001d023564_T002	A101>T
Zm00001d023564_T002_2	A49>T
Zm00001d023565_T001	A40>T
Zm00001d023565_T001_2	A153>T
Zm00001d023577_T001	T30>A
Zm00001d023640_T002	T81>A
Zm00001d023681_T001	T3>A
Zm00001d023683_T001	T153>A
Zm00001d023713_T001	A75>T
Zm00001d023715_T002	A79>T
Zm00001d023716_T001	T118>A
Zm00001d023725_T001	A114>T
Zm00001d023760_T001	A74>T
Zm00001d023804_T001	T126>A
Zm00001d023888_T001	A168>T
Zm00001d023950_T001	A129>T
Zm00001d023979_T002_2	T37>A
Zm00001d023984_T001	A134>T
Zm00001d024001_T001	A160>T
Zm00001d024030_T001	A6>T
Zm00001d024047_T001	T28>A
Zm00001d024148_T001	T163>A
Zm00001d024159_T002	A41>T
Zm00001d024169_T001	A23>T
Zm00001d024170_T001	A155>T
Zm00001d024177_T001	T75>A
Zm00001d024310_T003	T33>A
Zm00001d024322_T001	T126>A
Zm00001d024323_T001	T163>A
Zm00001d024325_T001	T163>A
Zm00001d024327_T001_2	A97>T
Zm00001d024364_T001	T57>A
Zm00001d024424_T001	T49>A
Zm00001d024462_T001	A70>T
Zm00001d024495_T001	T79>A
Zm00001d024530_T002	T116>A
Zm00001d024540_T001	A33>T
Zm00001d024573_T001	A12>T
Zm00001d024574_T001	T87>A
Zm00001d024579_T001	A113>T
Zm00001d024607_T001	A3>T
Zm00001d024620_T001	T138>A
Zm00001d024675_T001	T160>A
Zm00001d024701_T001	A3>T
Zm00001d024733_T002	T17>A
Zm00001d024815_T003	A3>T
Zm00001d024828_T002	A102>T
Zm00001d024866_T001	A123>T
Zm00001d024917_T001	A87>T
Zm00001d024965_T004_2	T74>A
Zm00001d024999_T002	T44>A
Zm00001d025008_T001	T78>A
Zm00001d025012_T002	A55>T
Zm00001d025057_T001	A3>T
Zm00001d025060_T002	T111>A
Zm00001d025063_T005	A153>T
Zm00001d025067_T002	T43>A
Zm00001d025105_T001	A49>T;A135>T
Zm00001d025107_T001	T99>A
Zm00001d025145_T001	T50>A
Zm00001d025174_T001	T111>A
Zm00001d025182_T003	A3>T
Zm00001d025255_T001	T66>A
Zm00001d025273_T003	T81>A
Zm00001d025291_T001	A12>T
Zm00001d025300_T003	A33>T
Zm00001d025312_T001	A97>T
Zm00001d025319_T001	A155>T
Zm00001d025333_T001	A12>T
Zm00001d025366_T001	T55>A
Zm00001d025420_T001	T6>A
Zm00001d025433_T001	T77>A
Zm00001d025450_T008	T88>A
Zm00001d025453_T002	A57>T
Zm00001d025461_T003	A161>T
Zm00001d025472_T001	A63>T
Zm00001d025484_T002	A43>T
Zm00001d025507_T010	T71>A
Zm00001d025548_T001	A38>T
Zm00001d025573_T001	T135>A
Zm00001d025613_T001	A28>T;A82>T
Zm00001d025617_T002	T165>A
Zm00001d025619_T001	T4>A
Zm00001d025664_T001	A57>T
Zm00001d025687_T002	A116>T
Zm00001d025716_T001	A85>T
Zm00001d025721_T001	A84>T
Zm00001d025737_T001	T69>A
Zm00001d025752_T002	T14>A
Zm00001d025798_T006	T16>A
Zm00001d025805_T003	T154>A
Zm00001d025804_T001	T29>A
Zm00001d025821_T001	A100>T
Zm00001d025824_T001	A56>T
Zm00001d025846_T001	T32>A
Zm00001d025860_T002	T17>A;A3>T
Zm00001d025913_T001	T24>A
Zm00001d025947_T001	T160>A
Zm00001d025958_T002	A77>T
Zm00001d025962_T001	A59>T
Zm00001d025987_T001	A148>T
Zm00001d026009_T001	T47>A
Zm00001d026026_T001	A14>T
Zm00001d026077_T001	A106>T
Zm00001d026102_T001	A12>T
Zm00001d026158_T001	T37>A
Zm00001d026160_T001	T2>A
Zm00001d026178_T001	A100>T
Zm00001d026202_T001	A4>T
Zm00001d026204_T001	T166>A
Zm00001d026206_T001	A122>T
Zm00001d026224_T001	A111>T
Zm00001d026244_T001	A74>T
Zm00001d026280_T002	T162>A
Zm00001d026283_T001	T4>A
Zm00001d026308_T001	A135>T
Zm00001d026329_T001	A162>T
Zm00001d026343_T001_2	T48>A
Zm00001d026396_T001	T29>A
Zm00001d026425_T003	A147>T
Zm00001d026476_T002_2	A45>T
Zm00001d026476_T002	A50>T
Zm00001d026490_T002_2	T106>A
Zm00001d026498_T001	T24>A
Zm00001d026500_T001	T119>A
Zm00001d026542_T001	T143>A
Zm00001d026554_T001	T72>A
Zm00001d026556_T001	T17>A
Zm00001d026568_T001	A137>T
Zm00001d026573_T001	T34>A
Zm00001d026605_T001	A90>T
Zm00001d026612_T005	A159>T
Zm00001d026638_T003	A157>T
Zm00001d026641_T005	T52>A
Zm00001d026649_T001	T149>A
Zm00001d026684_T001	A125>T
