AT1G01010	A123>T
AT1G01695	T27>A
AT1G01880	T57>A
AT1G02230	A20>T
AT1G02260	T18>A
AT1G02340	T162>A
AT1G02380	A29>T
AT1G02410	A6>T
AT1G02710_2	T13>A
AT1G02740	T46>A
AT1G02900	A157>T
AT1G03070	A168>T
AT1G03140	T17>A
AT1G03160	A32>T
AT1G03340_2;AT1G03360_2	A153>T
AT1G03510	T72>A
AT1G03550	A10>T
AT1G03750	A82>T
AT1G03860	A94>T
AT1G03890	A3>T
AT1G04260	T103>A
AT1G04280	A73>T
AT1G04360_2	T108>A;T63>A;A43>T
AT1G04410	T46>A
AT1G04445	T18>A
AT1G04910	T24>A
AT1G04980	A3>T
AT1G05180	A129>T
AT1G05340	A131>T
AT1G05420	T2>A
AT1G05570_2	A80>T
AT1G05670	T161>A
AT1G05870	T159>A
AT1G06430	A26>T
AT1G06500	A101>T
AT1G06540	A54>T
AT1G06590	T157>A
AT1G07060	T132>A
AT1G07210	T83>A
AT1G07230	T19>A
AT1G07476	T29>A
AT1G07840	A78>T
AT1G07985	T63>A
AT1G07990	T29>A
AT1G08060	T74>A
AT1G08430	A25>T;A20>T
AT1G08650	A4>T
AT1G08670	A161>T
AT1G08970	T86>A
AT1G09310	A3>T
AT1G09770	A29>T
AT1G09900	T38>A
AT1G10230	T162>A
AT1G10290	T87>A
AT1G10330	A49>T
AT1G11020	A33>T
AT1G11170	A139>T
AT1G11240_2	A138>T
AT1G11572	T156>A
AT1G11770	A14>T
AT1G11920	T147>A
AT1G12120	A131>T
AT1G12250	T21>A
AT1G12910	T72>A
AT1G13270	A148>T
AT1G13270_2	A32>T
AT1G14030	T37>A;A86>T
AT1G14180	A101>T
AT1G14290_2	A167>T
AT1G14642	A100>T
AT1G14790	A14>T
AT1G15080	A39>T
AT1G15100	T139>A
AT1G15125	T28>A
AT1G15310	T2>A
AT1G15380	A17>T
AT1G15690_2;AT1G15710	T109>A
AT1G15800_2	A136>T
AT1G15830	T47>A
AT1G15910	T28>A
AT1G16040	T13>A
AT1G16090_2	A72>T
AT1G16090	A27>T
AT1G16310	T111>A
AT1G16460	T147>A
AT1G16670	T32>A
AT1G16720	T110>A
AT1G16970	T85>A
AT1G17220	T34>A
AT1G17450	A82>T
AT1G17455	T159>A
AT1G17520	A19>T
AT1G17540	T110>A
AT1G17744	A49>T;A55>T
AT1G17880	A25>T
AT1G17990	A45>T
AT1G18020	A83>T
AT1G18090	A142>T
AT1G18180	T30>A
AT1G18480	T146>A
AT1G18600	A20>T
AT1G18630	A27>T
AT1G18650	T97>A
AT1G18850	T82>A
AT1G18950	T134>A
AT1G19130	A10>T
AT1G19480_2	A164>T
AT1G19480	A110>T
AT1G19570	T69>A
AT1G19740	T88>A
AT1G19850	A94>T
AT1G19970	T160>A
AT1G20090	A49>T
AT1G20100	T81>A
AT1G20200	T56>A
AT1G20830	A37>T
AT1G20920	T80>A
AT1G20930	T84>A
AT1G21400	A136>T
AT1G21480	A3>T
AT1G21630_2	T60>A
AT1G21700	A51>T
AT1G22060	T159>A
AT1G22080	A85>T
AT1G22090	T17>A
AT1G22210	A5>T
AT1G22275	A6>T
AT1G22300	T159>A
AT1G22570	A82>T
AT1G22700_2	T35>A
AT1G23180_2	A12>T;A158>T
AT1G23180	A119>T
AT1G23530	T102>A
AT1G24020	T98>A
AT1G24267	T86>A
AT1G24430	T10>A
AT1G24470	T30>A
AT1G24735	T42>A;T16>A
AT1G25370	T116>A
AT1G25472	T112>A
AT1G25570	T13>A
AT1G26200	A164>T
AT1G26210	T68>A;A56>T
AT1G26250_2	A77>T
AT1G26320	A129>T
AT1G27030	T160>A
AT1G27090	T11>A
AT1G27590	T23>A
AT1G27630	T9>A
AT1G27670_2	A10>T
AT1G27700	A37>T
AT1G28060	T136>A
AT1G28120	T55>A
AT1G28190	A109>T
AT1G28240	A167>T
AT1G28270	A135>T
AT1G28310	T165>A
AT1G28360	A48>T
AT1G28395	T4>A
AT1G28510	A81>T
AT1G28520	A4>T
AT1G28815_2	A28>T
AT1G29418	T19>A
AT1G29430	T81>A
AT1G29490	T110>A
AT1G29560	A45>T
AT1G29680	T68>A;T79>A
AT1G29800	A3>T
AT1G29830	T139>A
AT1G29880	A119>T
AT1G30100	T104>A
AT1G30130	T72>A
AT1G30190	T100>A
AT1G30290	T76>A
AT1G30800	T163>A
AT1G30972	A6>T
AT1G31040	T110>A
AT1G31410_2	A69>T
AT1G31470	T28>A
AT1G31817	T23>A
AT1G31970	T110>A
AT1G32050	T145>A
AT1G32400_2	T25>A
AT1G32400	T77>A
AT1G32520	A41>T
AT1G32550	A31>T
AT1G32580	T56>A
AT1G33110	A9>T
AT1G33120	A159>T
AT1G33140	A106>T
AT1G33475	T72>A
AT1G33700	T63>A;T17>A
AT1G34000	A16>T
AT1G34020	T12>A
AT1G34150	T40>A
AT1G34315	T33>A
AT1G34580	A32>T
AT1G35420	A35>T
AT1G35625	T61>A
AT1G35720	T134>A
AT1G36730	T40>A
AT1G43580	A23>T
AT1G43850	T161>A
AT1G45207	T8>A
AT1G45231	T128>A
AT1G45249	T78>A
AT1G47278	T13>A
AT1G48160	T32>A
AT1G48230	T122>A
AT1G48230_2	T5>A
AT1G48300	T2>A
AT1G48490	T46>A
AT1G48740	T67>A
AT1G48830;AT1G48850	A35>T
AT1G48930	A110>T
AT1G48990	T3>A;T102>A
AT1G49110	T102>A
AT1G49520	T43>A
AT1G49630	T109>A
AT1G49720	A56>T
AT1G49730	T161>A
AT1G50120	T82>A
AT1G50420	T2>A
AT1G50660	A161>T
AT1G50660_2	A104>T
AT1G50840	A33>T
AT1G50940	T12>A
AT1G51080	T3>A
AT1G51360	T158>A
AT1G51402_2	A47>T
AT1G51405	A14>T
AT1G51480	T11>A
AT1G51710	T43>A
AT1G51790	T40>A
AT1G51800_2	A29>T
AT1G52060	T116>A
AT1G52120	A92>T
AT1G52630	A110>T
AT1G52740	A86>T
AT1G52857	T13>A
AT1G53110	A68>T
AT1G53860	A3>T
AT1G54120	T21>A
AT1G54270	T24>A
AT1G54310	A107>T
AT1G54980	A12>T
AT1G55020	T35>A
AT1G55040	T116>A
AT1G55110	A70>T
AT1G55390_2	A28>T
AT1G55540	T35>A
AT1G55550	T141>A
AT1G55550_2	T110>A
AT1G55880_2	T155>A
AT1G55970	A22>T
AT1G56415	T103>A
AT1G56540	A151>T
AT1G56720	A75>T
AT1G58230	A88>T
AT1G58250	A55>T
AT1G58270_2	T13>A
AT1G58370	T17>A
AT1G59740	A12>T
AT1G59930	T4>A
AT1G59940	T53>A
AT1G59970	T93>A
AT1G60200	A88>T
AT1G60240	T90>A
AT1G60410	T33>A
AT1G60600	T138>A
AT1G60810	T61>A;A76>T
AT1G61575	A122>T
AT1G61610	T39>A
AT1G61620	A137>T
AT1G61710	T25>A
AT1G61930	A129>T
AT1G62280	A162>T
AT1G62400	T12>A;T156>A
AT1G62590	A60>T
AT1G62600	A19>T;A29>T
AT1G62935	A44>T
AT1G63055	A25>T
AT1G63470	A30>T
AT1G63700	T21>A
AT1G64160_2	A55>T;A129>T
AT1G64260_2	A124>T
AT1G64570	A104>T
AT1G64740_2	T75>A
AT1G64770	T95>A
AT1G64840	A13>T
AT1G65120	A75>T;A68>T
AT1G65320	A42>T
AT1G65620	T115>A
AT1G65660_2	T114>A
AT1G65660	T158>A
AT1G65720	T48>A
AT1G66170	T18>A
AT1G66700	T71>A
AT1G66860	T6>A
AT1G67080	A102>T
AT1G67170	A65>T
AT1G67480	T96>A
AT1G67530	T116>A
AT1G67570	T160>A
AT1G67580	A151>T
AT1G67940	A12>T
AT1G67960	A94>T
AT1G67990	T5>A
AT1G68310	T31>A
AT1G68700	A3>T
AT1G68780	A10>T
AT1G69220	T42>A
AT1G69295	A32>T
AT1G69400	T100>A
AT1G69960	T42>A
AT1G69980	T117>A
AT1G70070	A48>T
AT1G70360_2	A34>T
AT1G70480	A29>T
AT1G70540	T147>A
AT1G70710	A102>T
AT1G70700	T61>A
AT1G70782	T116>A
AT1G70790	A3>T
AT1G70840	T159>A
AT1G70900	T124>A
AT1G70980	T35>A
AT1G71110;AT1G71130	T40>A
AT1G71530	T161>A
AT1G71790	T6>A
AT1G71870	A22>T
AT1G71960	T68>A;A97>T
AT1G71970	A90>T
AT1G72040	T129>A
AT1G72220	T51>A
AT1G72220_2	T90>A
AT1G72310	T45>A
AT1G72360	T50>A
AT1G72480	A15>T
AT1G72560	T160>A
AT1G72600	T72>A
AT1G72640	T163>A
AT1G73040	A166>T
AT1G73150	A165>T
AT1G73165	T38>A
AT1G73730	T78>A
AT1G73760	A81>T
AT1G73870	A4>T
AT1G73950	T167>A
AT1G74050	T17>A
AT1G74230	A80>T
AT1G74330	A31>T
AT1G74720_2	A116>T
AT1G74720	A64>T
AT1G74790	A138>T
AT1G75090	A111>T
AT1G75160	T47>A
AT1G75230	T165>A
AT1G75370_2	T44>A;T158>A
AT1G75380	T16>A
AT1G75880	T105>A
AT1G76160	T73>A
AT1G76200	T19>A
AT1G76560	T14>A
AT1G76705	T74>A
AT1G76750	T108>A
AT1G76760	A139>T
AT1G76790	T97>A
AT1G76850	A20>T
AT1G77020	T54>A
AT1G77060	T38>A;T156>A
AT1G77200	A49>T
AT1G77270	T68>A
AT1G77570	T57>A
AT1G77590	T82>A
AT1G78470	T30>A
AT1G78610	T147>A
AT1G79080	A116>T
AT1G79620	A9>T
AT1G79790	T47>A
AT1G79830_2	A123>T;A44>T
AT1G79890	T127>A
AT1G79900	A90>T
AT1G80245	T82>A
AT1G80270	A135>T
AT1G80620	T2>A
AT1G80690	A45>T
AT1G80790_2	A28>T
AT1G80950	T83>A
AT2G01110	A77>T
AT2G01440	A68>T
AT2G01480	A93>T
AT2G01490_2	T149>A
AT2G01490	T86>A
AT2G02400	A25>T
AT2G02780	A4>T
AT2G02950	A155>T
AT2G02955	T79>A
AT2G03330	T43>A
AT2G03520	T157>A
AT2G04190	T9>A
AT2G04520	A61>T
AT2G04515	T104>A
AT2G04840	T145>A
AT2G04890	T39>A;T73>A
AT2G05180	A84>T
AT2G05760	T21>A
AT2G06040	A28>T
AT2G06520	T9>A
AT2G07698	T143>A
AT2G07725	A117>T
AT2G10608	T143>A
AT2G11910	T160>A
AT2G12646	T126>A
AT2G13600	A27>T
AT2G13840	T139>A
AT2G14170	T33>A;A52>T
AT2G14960	A80>T
AT2G15327	A161>T
AT2G15530	A73>T
AT2G15680	A108>T
AT2G15690	T81>A
AT2G16210	A69>T
AT2G16365	A65>T
AT2G16390_2	T61>A
AT2G16570	T103>A
AT2G16570_2	T156>A
AT2G16640	A3>T
AT2G16780	T17>A
AT2G16835	T88>A;T107>A;T134>A;A80>T
AT2G17265	T103>A
AT2G17310	T95>A
AT2G17440	T8>A
AT2G17630	A15>T;A65>T
AT2G17800	T2>A;A147>T
AT2G18020	T3>A
AT2G18050	T54>A
AT2G18330_2	T161>A
AT2G18340	A42>T
AT2G18560	T83>A
AT2G18600	A110>T
AT2G19670	T159>A
AT2G19760	T36>A
AT2G19900_2	T24>A
AT2G20120	T92>A
AT2G20130	A16>T
AT2G20495	A15>T
AT2G20570	A75>T
AT2G20670_2	T47>A
AT2G20725_2	T26>A
AT2G20825	A165>T
AT2G20921	T59>A;A24>T
AT2G21280	T79>A
AT2G21430	T43>A
AT2G21620	T59>A
AT2G21820	T54>A
AT2G21870	T41>A
AT2G21900	T6>A
AT2G22120	A88>T
AT2G22230	T48>A
AT2G22260	T52>A
AT2G22270	T125>A
AT2G22420	A53>T
AT2G22430	T34>A
AT2G22450	A25>T
AT2G22560	A28>T
AT2G22590	T165>A
AT2G22630	T117>A
AT2G22670	T162>A
AT2G22730	T62>A
AT2G22800	T31>A
AT2G23040;AT2G23060	A161>T
AT2G23140	T6>A;T69>A
AT2G23150	A121>T
AT2G23160	A134>T
AT2G23270_2	A19>T
AT2G23340	A17>T
AT2G23370	A3>T
AT2G23430	A166>T
AT2G23810	A52>T
AT2G24140	T73>A;A91>T
AT2G24190	A7>T
AT2G24200	T56>A
AT2G24390	A148>T
AT2G24500	T44>A
AT2G24540	T51>A
AT2G24592	T30>A
AT2G24600	T28>A
AT2G24690	A108>T
AT2G24850	T4>A
AT2G25010	T5>A
AT2G25320	T99>A
AT2G25870	T99>A
AT2G25990	A40>T
AT2G26030	T12>A
AT2G26070	T3>A
AT2G26370	T13>A
AT2G26550	T107>A
AT2G26580	T122>A
AT2G26970	T81>A
AT2G26980	T108>A
AT2G27389	T157>A
AT2G27590	T147>A
AT2G27680	A49>T
AT2G27775	A113>T
AT2G27980	A15>T
AT2G28510	A41>T
AT2G28950_2	A14>T
AT2G28950	A148>T
AT2G29200	T113>A
AT2G29290	T53>A
AT2G29320	T56>A
AT2G29600	T108>A
AT2G30260	A161>T
AT2G30350	A10>T
AT2G30395	T113>A
AT2G30680	T78>A;T143>A
AT2G30720	A52>T
AT2G30790	T117>A
AT2G30780	A61>T
AT2G31140	A33>T
AT2G31160	T24>A
AT2G31290;AT2G31305	T59>A
AT2G31345	T107>A
AT2G32260	T75>A
AT2G32550	T69>A
AT2G32760	A21>T
AT2G32820	A12>T
AT2G33210	A104>T
AT2G33370	A86>T
AT2G33520	A18>T
AT2G33530	T109>A
AT2G33540	A37>T
AT2G33735;AT2G33750	T21>A
AT2G34180	A115>T
AT2G34210	A40>T
AT2G34400	T120>A
AT2G34410	T27>A
AT2G34470	A3>T
AT2G34555	T40>A;T93>A
AT2G34560	T81>A
AT2G34730	A84>T
AT2G34900	A3>T
AT2G34960	T41>A
AT2G35020	T47>A
AT2G35140	T44>A
AT2G35360	A27>T
AT2G35370	A120>T
AT2G35390	A4>T
AT2G35420	T29>A;A134>T
AT2G35510	A78>T
AT2G36480	T155>A
AT2G36630	A113>T
AT2G36770	A40>T
AT2G36870	A45>T
AT2G36970	A28>T
AT2G37090	T28>A
AT2G37220	T160>A;A77>T
AT2G37500	A43>T
AT2G37520	A60>T
AT2G37585	T115>A
AT2G37650	A101>T
AT2G37750	T71>A
AT2G37790	A25>T
AT2G37975	T19>A
AT2G38130	A25>T
AT2G38280	A103>T
AT2G38410;AT2G38430	A79>T
AT2G38560_2	A45>T
AT2G38630	T158>A
AT2G38646	T125>A
AT2G38810	T68>A
AT2G39060	A54>T
AT2G39100	T109>A
AT2G39110	T7>A
AT2G39190_2	A142>T
AT2G39500	T16>A
AT2G39740	A28>T
AT2G39820	A158>T
AT2G39840	T161>A
AT2G39975	A29>T
AT2G40095_2	A23>T
AT2G40340	A58>T
AT2G40520	T129>A
AT2G40920	T164>A
AT2G40930	T57>A
AT2G41310	T10>A
AT2G41340	T124>A
AT2G41370	T87>A
AT2G41890	A154>T
AT2G41945_2	A32>T
AT2G42070	T6>A
AT2G42140	T10>A
AT2G42560	A83>T
AT2G42850	A57>T
AT2G42900_2	A56>T
AT2G42975	T13>A
AT2G43200	A4>T
AT2G43210	A74>T
AT2G43560	T21>A
AT2G43590	T82>A
AT2G43720	T96>A
AT2G43790	T41>A
AT2G44060	T158>A
AT2G44110_2	A90>T
AT2G44540	T53>A
AT2G44760	A36>T
AT2G45220	T3>A
AT2G45260	T147>A
AT2G45530	A76>T
AT2G45700	A37>T
AT2G45770	T118>A
AT2G46090	T108>A
AT2G46510	T38>A
AT2G46590	T45>A;T66>A
AT2G46710	T46>A
AT2G46720	T161>A
AT2G46720_2	T113>A
AT2G46740	T117>A
AT2G46900	T54>A
AT2G46980	A34>T
AT2G47440	T159>A
AT2G47490	A50>T
AT2G47580	T163>A
AT2G47630	T132>A
AT2G47640	T72>A
AT2G47680	T37>A
AT2G47690	T96>A;A106>T
AT2G47820	A27>T
AT2G47840	A82>T
AT2G47920_2	T109>A
AT2G47920	A146>T;A91>T
AT3G01040	T100>A
AT3G01150_2	A119>T
AT3G01160	T159>A
AT3G01185	T159>A
AT3G01300_2	T23>A
AT3G01310	A39>T
AT3G01750	T20>A
AT3G01900	T38>A
AT3G01910	T34>A
AT3G01920	T15>A
AT3G01980	T16>A
AT3G02070_2	T67>A
AT3G02070	T26>A
AT3G02460	A80>T
AT3G02468	T93>A
AT3G02470	T20>A
AT3G02870_2	T33>A
AT3G02910	T65>A
AT3G03480	A67>T
AT3G03740	A46>T
AT3G03750	A4>T;A31>T
AT3G03940	T147>A
AT3G03960	T147>A
AT3G04090	A36>T
AT3G04732	A48>T
AT3G04920	T158>A
AT3G05030	A79>T
AT3G05030_2	A151>T
AT3G05050	A130>T
AT3G05130	T82>A
AT3G05155	T77>A
AT3G05180	A27>T
AT3G05550	T52>A
AT3G05675	T34>A
AT3G05930	A80>T
AT3G06010	T62>A
AT3G06035	T27>A
AT3G06120	T68>A
AT3G66658	T147>A
AT3G06920	A7>T
AT3G07010	T34>A
AT3G07170	T7>A
AT3G07800	A28>T
AT3G07910	T2>A;T118>A
AT3G08040	T18>A
AT3G08510	A66>T
AT3G08600	T108>A
AT3G08970	A160>T;A20>T
AT3G09150	T163>A
AT3G09440	T65>A
AT3G09500	T40>A
AT3G09760	T28>A
AT3G10130	T15>A
AT3G10390	A19>T
AT3G10500	T22>A
AT3G10610	A32>T
AT3G10700	T63>A
AT3G10710	T38>A
AT3G11040_2	T90>A
AT3G11050	T17>A
AT3G11120	A10>T
AT3G11160	A113>T
AT3G11270	T81>A
AT3G11910	T137>A
AT3G11960	A64>T
AT3G11990	T54>A
AT3G12170	A50>T
AT3G12400	T58>A
AT3G12470	T45>A
AT3G12800	T31>A
AT3G12830	A26>T
AT3G13100	T163>A
AT3G13150	T50>A
AT3G13160	T109>A
AT3G13175	A24>T
AT3G13225	T11>A
AT3G13360	T96>A
AT3G13660	A36>T
AT3G13690_2	T167>A;A51>T
AT3G13880	A65>T
AT3G13980	T107>A
AT3G14120	A24>T
AT3G14240_2	T28>A
AT3G14460_2	A26>T
AT3G14460	A105>T
AT3G14720	T159>A
AT3G14840	T4>A
AT3G14940	T162>A
AT3G15095	A50>T
AT3G15300	A60>T
AT3G15360	A19>T
AT3G15470	T21>A
AT3G15910	A30>T
AT3G15940	A32>T
AT3G15970	T91>A
AT3G16100	A59>T
AT3G16130	A90>T
AT3G16290_2	A91>T
AT3G16280	T34>A
AT3G16420	T109>A
AT3G16430	T34>A
AT3G16680	T79>A
AT3G17205_2	T72>A
AT3G17205	T22>A
AT3G17330	T66>A
AT3G17465_2	A17>T
AT3G17470	T25>A
AT3G17611;AT3G17626	T16>A
AT3G17700	A49>T
AT3G17740	T166>A
AT3G17750	T36>A
AT3G17820_2	A78>T
AT3G17820	A41>T
AT3G18210	T3>A
AT3G18500	A136>T
AT3G18530	T76>A
AT3G18535	T128>A
AT3G18550	A49>T
AT3G18710	A12>T
AT3G18740	T158>A
AT3G18770	T23>A
AT3G18790	A148>T
AT3G18960	A67>T
AT3G19300	T14>A
AT3G19320	A3>T
AT3G19510	A29>T
AT3G19540	T114>A
AT3G19640	T100>A
AT3G19700	T151>A
AT3G19740	A157>T
AT3G19850_2	T48>A
AT3G19840_2	A112>T
AT3G19850	T79>A
AT3G20010	T159>A
AT3G20050	T117>A
AT3G20110	T163>A
AT3G20150_2	T106>A
AT3G20280_2	A27>T
AT3G20310	T65>A
AT3G20395	A41>T
AT3G20650	T93>A
AT3G20740	A60>T
AT3G21280_2	T84>A
AT3G21390	A166>T
AT3G21465	A109>T
AT3G21570	T77>A
AT3G21650	A109>T
AT3G21760	T10>A
AT3G22190	T38>A
AT3G22250	T14>A
AT3G22436	A104>T
AT3G22590	T164>A
AT3G22690	T164>A
AT3G23060	A146>T
AT3G23080	A120>T
AT3G23180	T10>A
AT3G23590	T16>A
AT3G23620	A133>T
AT3G24500	T61>A
AT3G24500_2	T24>A
AT3G24640	A163>T
AT3G24880	T64>A
AT3G25013	T42>A
AT3G25040_2	T158>A
AT3G25040	T75>A
AT3G25110	T6>A
AT3G25265	T64>A
AT3G25545	A103>T
AT3G25590	A157>T
AT3G25890	A147>T
AT3G26020	T64>A
AT3G26060	A3>T;A90>T
AT3G26070	A138>T
AT3G26360	T117>A
AT3G26670	A83>T
AT3G26710	T41>A
AT3G27070	T72>A
AT3G27180	A160>T
AT3G27170	T76>A
AT3G27510	T67>A
AT3G27590	T11>A
AT3G27860	A52>T
AT3G27870	A35>T
AT3G28130_2	T159>A
AT3G28420	A65>T;A29>T
AT3G28460	T99>A
AT3G28850	T2>A
AT3G28910	A10>T
AT3G29390	T98>A
AT3G29390_2	T25>A
AT3G29410	T157>A
AT3G29670	A7>T
AT3G42050	A139>T
AT3G43440	T119>A
AT3G43700	T55>A
AT3G44326	A165>T
AT3G44450	A13>T
AT3G44550	T160>A
AT3G44670_2	T76>A
AT3G44710	T147>A
AT3G44716	T7>A
AT3G44850	A38>T
AT3G45050	A25>T
AT3G45830	T23>A
AT3G46040	T9>A
AT3G46180	A20>T;A29>T
AT3G46190	A100>T;A42>T
AT3G46590	T36>A
AT3G46870	A23>T
AT3G46880	T63>A
AT3G46930	A35>T
AT3G46950	T158>A
AT3G46960	A121>T
AT3G47000	T3>A
AT3G47010	T29>A
AT3G47050_2	T59>A
AT3G47220	A130>T
AT3G47220_2	A68>T
AT3G47370	A138>T
AT3G47530	A65>T
AT3G47610	T69>A;T146>A
AT3G47820	T118>A
AT3G47965	A22>T
AT3G48160	T160>A
AT3G48170	A81>T
AT3G48340;AT3G48346	A40>T
AT3G48350	A90>T
AT3G48380	T158>A
AT3G48540	A4>T
AT3G48680	T124>A
AT3G48690	T69>A
AT3G48710	A7>T
AT3G48790_2	A8>T
AT3G49130	A47>T
AT3G49560	T147>A
AT3G49580	T4>A;T24>A
AT3G49710	T53>A
AT3G49870	T73>A
AT3G49870_2	T156>A
AT3G50080	T10>A
AT3G50480	T32>A
AT3G50690	A91>T
AT3G50870	A28>T
AT3G50930	A39>T
AT3G51540	T158>A
AT3G51830	T23>A
AT3G51970;AT3G51990	A23>T
AT3G52070	A76>T
AT3G52155	T147>A
AT3G52155_2	T55>A
AT3G52220	A159>T
AT3G52390	A25>T
AT3G52590	A123>T
AT3G52600	T141>A
AT3G52610	T90>A
AT3G52670	A21>T
AT3G52680	A78>T
AT3G52700	T34>A
AT3G52730	T75>A
AT3G52800	A77>T
AT3G52970	A163>T
AT3G53150	A114>T;A123>T
AT3G53180_2	A159>T
AT3G53180	A40>T
AT3G53560	T72>A
AT3G53700_2	T74>A
AT3G53740;AT3G53760	A111>T
AT3G53770	A67>T
AT3G53900	A4>T
AT3G53980	T43>A
AT3G54190	T161>A
AT3G54270	T53>A
AT3G54390	A59>T
AT3G54920	T24>A
AT3G54930	T22>A
AT3G55030	T53>A
AT3G55040	A148>T
AT3G55050	T11>A
AT3G55460	T21>A
AT3G55550	A45>T
AT3G55860	A147>T
AT3G55910	T159>A
AT3G55920	A109>T
AT3G56180	A93>T
AT3G56230	A27>T
AT3G56320	A4>T
AT3G56390	A129>T
AT3G56600	A19>T
AT3G56680	A133>T
AT3G56690	T47>A
AT3G56720	A89>T;A130>T
AT3G56760	T29>A
AT3G56790	T108>A
AT3G56860	A118>T
AT3G56890	A48>T;A94>T
AT3G57150	T163>A;T79>A
AT3G57240	A87>T
AT3G57260_2	A122>T
AT3G57390	T13>A
AT3G57400	T127>A
AT3G57430_2	T144>A
AT3G58000	T8>A
AT3G58010	A116>T
AT3G58350	A84>T
AT3G58530	A7>T
AT3G58570	T108>A
AT3G58580	A164>T
AT3G59370	T147>A
AT3G59780	T88>A
AT3G59820	A52>T
AT3G60120	T75>A
AT3G60190	T159>A;A102>T
AT3G60350	A36>T
AT3G60340	T104>A
AT3G60400	A3>T
AT3G60790	T131>A
AT3G60840	T38>A
AT3G60880	T2>A
AT3G60980	T48>A
AT3G61028	A61>T
AT3G61111	A32>T;A106>T
AT3G61200	A16>T
AT3G61280_2	A110>T
AT3G61300	A27>T
AT3G61310	T107>A
AT3G61340	A148>T
AT3G61490	T162>A
AT3G61571	T33>A
AT3G61723	T79>A
AT3G61760	A128>T;A123>T
AT3G61810	A5>T
AT3G61840	T58>A
AT3G61950	A76>T
AT3G62290	T30>A
AT3G62300	T159>A
AT3G62370	T147>A
AT3G62570	T160>A
AT3G62730_2	T48>A
AT3G62800	T67>A
AT3G62890	A29>T
AT3G63070	T30>A
AT3G63370	T91>A
AT3G63440	T46>A
AT3G63520	T164>A
AT4G00335	T45>A
AT4G00430_2	T157>A;T133>A
AT4G00430	T159>A
AT4G00660	A146>T
AT4G00890	T139>A
AT4G00895	T82>A
AT4G00895_2	T20>A
AT4G00990	T4>A;T44>A
AT4G01026	T118>A
AT4G01250	T20>A
AT4G01330	A34>T
AT4G01390	T63>A
AT4G01895;AT4G01900_2	T12>A
AT4G02060	A91>T
AT4G02210	A89>T
AT4G02350_2	T101>A
AT4G02350	T44>A
AT4G02410	A118>T
AT4G02440	T53>A
AT4G02465	A65>T
AT4G02580	A84>T
AT4G02760	T40>A
AT4G02800	T50>A
AT4G03170	A39>T
AT4G03430	A71>T
AT4G03820	T160>A
AT4G04370	T5>A
AT4G04700	T42>A
AT4G07408	T77>A
AT4G08040_2	T69>A
AT4G08190	A42>T;A73>T
AT4G08360	A115>T
AT4G08920	T112>A
AT4G08960_2	A33>T
AT4G09560	T70>A
AT4G10150	T46>A;A57>T
AT4G10480	A119>T
AT4G10920	T7>A
AT4G11020	T2>A
AT4G11260	T69>A
AT4G11630	A98>T
AT4G11880	T28>A
AT4G12000	T36>A
AT4G12040	T157>A
AT4G12110	A140>T
AT4G12370;AT4G12382	T79>A
AT4G12470	T159>A
AT4G12545	T80>A
AT4G12790	T74>A;A147>T
AT4G12870	T132>A
AT4G13070	T96>A
AT4G13263	T30>A
AT4G13310	T15>A
AT4G13330	T157>A
AT4G13420	T2>A
AT4G13640	A59>T
AT4G13770	T163>A
AT4G13920	T161>A
AT4G13980	T89>A
AT4G14090	T35>A
AT4G14100	A103>T;A158>T
AT4G14713	A140>T
AT4G14720	A134>T;A68>T
AT4G15030	A121>T
AT4G15150	T90>A
AT4G15215	T89>A
AT4G15233	T88>A
AT4G15240	T17>A
AT4G15417	A58>T
AT4G15450	A72>T
AT4G15480	A16>T
AT4G15750	T60>A
AT4G15760	T27>A
AT4G15900	T159>A
AT4G16143	T161>A
AT4G16155	T40>A
AT4G16410	T87>A
AT4G16442	A155>T
AT4G16580	A46>T
AT4G16830	A119>T
AT4G17560	T131>A
AT4G17680	A105>T
AT4G17710	T43>A
AT4G17890	A59>T
AT4G18120	A138>T
AT4G18190	T119>A
AT4G18205	T14>A
AT4G18372	T2>A
AT4G18430_2	A68>T
AT4G18430	A112>T
AT4G18660	A85>T
AT4G18810	T2>A
AT4G19600_2	T86>A
AT4G19640	T102>A
AT4G20000_2	A3>T
AT4G20095	A25>T
AT4G20170_2	T143>A
AT4G20270	A61>T
AT4G20920	T77>A;A11>T
AT4G21070	A67>T
AT4G21130	T15>A
AT4G21380	T34>A
AT4G21510	T6>A
AT4G21570	A4>T
AT4G21926	A40>T
AT4G21930	A4>T
AT4G22510	A78>T
AT4G22790	T92>A
AT4G22990	T35>A
AT4G23271	A72>T
AT4G23430	T113>A
AT4G23700	T162>A
AT4G23770	A155>T
AT4G24260	A147>T
AT4G24410	T72>A;T109>A
AT4G24480	A19>T
AT4G24520	T28>A
AT4G24840	T68>A
AT4G24860	T19>A
AT4G24930	T162>A
AT4G25100	T140>A
AT4G25200	A153>T
AT4G25210	T38>A
AT4G25225	T50>A
AT4G25380	T119>A
AT4G25433	T14>A
AT4G25434	A168>T
AT4G25515	A63>T
AT4G25710	A117>T
AT4G25740	A130>T
AT4G25950	T33>A
AT4G26190	A76>T
AT4G26650_2	T146>A
AT4G26740	T88>A
AT4G27010	A57>T
AT4G27030	A9>T
AT4G27130	A89>T
AT4G27180	A148>T
AT4G27450	T19>A
AT4G27470	T32>A
AT4G27510	A168>T
AT4G27670	A165>T
AT4G27745	T104>A
AT4G27820	A148>T
AT4G28010	T28>A
AT4G28040	T163>A
AT4G28050	A95>T
AT4G28060	A44>T
AT4G28180	A11>T
AT4G28210	A32>T
AT4G28260	T82>A
AT4G28360	T161>A
AT4G28410	A9>T
AT4G28420	T66>A
AT4G29590	A96>T
AT4G29580	T42>A
AT4G29790	T161>A
AT4G30410	A18>T
AT4G30470	A45>T
AT4G30890	T40>A
AT4G30993	T162>A
AT4G31110	T56>A
AT4G31240_2	A37>T
AT4G31390	T95>A
AT4G31960	A25>T
AT4G31980_2	A6>T
AT4G32050	T40>A
AT4G32130	A34>T
AT4G32290	A55>T
AT4G32295	A49>T
AT4G32470	T159>A
AT4G32600_2	T159>A;A128>T
AT4G32600	T104>A;A73>T
AT4G32605	T12>A
AT4G32770	A6>T
AT4G32840	T155>A
AT4G32930	T54>A
AT4G33500	T37>A
AT4G33565	A91>T
AT4G33585	A98>T
AT4G33625	A118>T
AT4G33700	T146>A
AT4G33770	T118>A
AT4G33820	T11>A
AT4G33930	A19>T
AT4G34050	T159>A
AT4G34131	A101>T
AT4G34140	T7>A
AT4G34250	A30>T
AT4G34510_2	A101>T
AT4G34555	T15>A
AT4G34600	A5>T
AT4G34830	T74>A
AT4G34910	A32>T
AT4G35220	T156>A
AT4G35335	T85>A
AT4G35510	A53>T
AT4G35520	A14>T
AT4G35655	A78>T
AT4G35660	T78>A
AT4G35690	A3>T
AT4G35783	A41>T
AT4G35810	T138>A
AT4G35830	T24>A
AT4G35820	A120>T
AT4G35920	A57>T
AT4G35940	T147>A
AT4G36050	T46>A
AT4G36360	A31>T
AT4G36530	A68>T
AT4G36620	T153>A
AT4G36850	A3>T
AT4G36920	A22>T
AT4G37250	T26>A
AT4G37260	A106>T
AT4G37460	T147>A
AT4G37520	T113>A
AT4G37530	T14>A
AT4G37690	T100>A
AT4G38020	T48>A
AT4G38090	A71>T
AT4G38550	T26>A
AT4G38600	T77>A
AT4G38620	A53>T
AT4G38640	T8>A
AT4G38650	A44>T
AT4G38920	A55>T
AT4G39090	T11>A
AT4G39190	T39>A
AT4G39235	A120>T
AT4G39403	T12>A
AT4G39800	T39>A;A18>T
AT5G01200	T67>A
AT5G01220_2	A54>T;A62>T;A75>T
AT5G01225	T67>A
AT5G01310_2	A56>T
AT5G01590	T61>A
AT5G01610	T5>A
AT5G01712	A103>T
AT5G01780	T57>A
AT5G02060	T73>A
AT5G02270	A54>T
AT5G02660	T90>A;T157>A
AT5G02800	A105>T
AT5G02840	T122>A
AT5G02920	T122>A
AT5G03250	A162>T
AT5G03610	A163>T
AT5G03960	T58>A
AT5G04045	T25>A
AT5G04270	A13>T
AT5G04270_2	A17>T;A66>T
AT5G04540	A146>T
AT5G04860	A66>T
AT5G04885	A29>T
AT5G04890	T48>A
AT5G05060	T63>A
AT5G05090	T82>A
AT5G05365	A13>T
AT5G05657	T130>A
AT5G05740_2	T53>A
AT5G05740	T127>A
AT5G06000	T73>A
AT5G06690	A22>T
AT5G06710_2	A120>T
AT5G06800	A168>T
AT5G07280	T30>A
AT5G07740	A108>T
AT5G07770	A136>T
AT5G07830	T47>A
AT5G07860	A118>T
AT5G07890	A3>T
AT5G08010	T33>A
AT5G08340	T22>A
AT5G08380	T121>A
AT5G08415	A26>T
AT5G08460	T40>A
AT5G08710	T53>A
AT5G08750	T41>A
AT5G09220	T92>A
AT5G09290	T121>A
AT5G09300	A135>T
AT5G09530	T57>A
AT5G09620	T157>A
AT5G09860	T22>A
AT5G09980_2	A123>T
AT5G09980	A51>T
AT5G10140	T3>A
AT5G10600	T2>A
AT5G10800	T20>A
AT5G10870_2	T11>A
AT5G10910	A4>T
AT5G11010	A160>T
AT5G11240_2	T79>A;A14>T
AT5G11430	T147>A
AT5G11460	T57>A
AT5G11470	T5>A
AT5G11550	T72>A
AT5G11610_2	T91>A
AT5G11630	A160>T
AT5G11650	A22>T
AT5G11750	A92>T
AT5G11910	T75>A
AT5G12110	T2>A
AT5G12130_2	A126>T
AT5G12130	A72>T
AT5G12430_2	T4>A
AT5G12430	T79>A
AT5G12870	A20>T
AT5G13010	T158>A
AT5G13020	A146>T
AT5G13050	T113>A
AT5G13180	A67>T
AT5G13500	A153>T
AT5G13560	A37>T
AT5G13660	T45>A
AT5G13670	T11>A
AT5G13700	T137>A
AT5G13760	A102>T
AT5G13830;AT5G13850	T2>A
AT5G13870_2	A43>T
AT5G13930	T63>A
AT5G14030	T52>A
AT5G14450	T34>A
AT5G14690	T137>A
AT5G15810	A164>T
AT5G15910	T66>A
AT5G15920	T90>A
AT5G16010	A138>T
AT5G16140	T84>A
AT5G16160	T46>A
AT5G16220	T11>A
AT5G16370	T29>A
AT5G16480	T23>A
AT5G16570	T58>A
AT5G16710	A10>T
AT5G16810	A65>T
AT5G17910_2	A146>T
AT5G17990	A70>T
AT5G18037	A8>T
AT5G18420	T76>A
AT5G18475	T31>A
AT5G18540	A62>T
AT5G18550	T44>A
AT5G19030	A32>T
AT5G19480	T115>A
AT5G19690	T33>A
AT5G19810	T56>A
AT5G19890	T68>A
AT5G20100	T96>A
AT5G20120	T90>A
AT5G20180	A101>T
AT5G20580	A8>T
AT5G20640	T111>A
AT5G20790	A129>T
AT5G21090	T18>A
AT5G21482	T16>A
AT5G22080_2	T162>A
AT5G22690	T58>A
AT5G22830	T30>A
AT5G22840_2	A38>T
AT5G23220	T2>A
AT5G23390	A160>T
AT5G23530	A107>T
AT5G23630	T83>A
AT5G23680	A43>T
AT5G23680_2	A72>T
AT5G23920	T30>A
AT5G23910	A92>T
AT5G24060	T52>A
AT5G24080	T28>A
AT5G24100	A122>T
AT5G24105_2	A14>T
AT5G24340	T45>A
AT5G24560	A25>T
AT5G24630	A77>T
AT5G24800	T14>A
AT5G24850	A59>T
AT5G24890	T111>A
AT5G25265	T163>A
AT5G25490	T79>A
AT5G25520	T63>A
AT5G25560_2	T39>A
AT5G25560	T36>A
AT5G25580	A25>T
AT5G25752	T92>A
AT5G25780	T40>A
AT5G25940	T93>A;T111>A
AT5G25980	T78>A
AT5G26040	A39>T
AT5G26060	T46>A
AT5G26200	T20>A
AT5G26250	A113>T
AT5G26760	A90>T
AT5G27110	A53>T
AT5G27630	T61>A
AT5G27640	T60>A
AT5G28020	A45>T
AT5G28290	A80>T
AT5G28290_2	A125>T
AT5G28540_2	A86>T
AT5G28920	A158>T
AT5G30490	A26>T
AT5G32470_2	T33>A
AT5G33390	A61>T
AT5G33406	T29>A
AT5G35090_2	A69>T
AT5G35390	T69>A
AT5G35550	A120>T
AT5G35603	A166>T
AT5G35631	A92>T
AT5G35630	T31>A
AT5G35660	T24>A
AT5G35760	A60>T
AT5G35926	A51>T
AT5G36110	T83>A
AT5G36140	A106>T
AT5G36160	A4>T
AT5G36250	T82>A
AT5G36810	T102>A
AT5G37190	T92>A
AT5G37351	A97>T
AT5G37667	A11>T
AT5G38100	A16>T
AT5G38520	T40>A
AT5G38770	A121>T
AT5G38800	A8>T
AT5G39330	A10>T
AT5G39380	T38>A
AT5G40190;AT5G40210	T5>A
AT5G40360_2	A136>T
AT5G40630	T16>A
AT5G40740	A3>T
AT5G40960;AT5G40980	T23>A
AT5G41100	A117>T
AT5G41580_2	T142>A
AT5G41970	A24>T
AT5G42010	T53>A
AT5G42100	T135>A
AT5G42150	T26>A
AT5G42220	T127>A
AT5G42290	A41>T
AT5G42390	T131>A
AT5G42560	T37>A
AT5G42570	T97>A
AT5G42680	T99>A
AT5G42680_2	T43>A
AT5G42810_2	T42>A
AT5G42920	T159>A
AT5G42930	T74>A
AT5G43780	T66>A
AT5G44005	T33>A
AT5G44550	T112>A
AT5G44770	A3>T
AT5G44780	A3>T
AT5G45230	T94>A;T117>A
AT5G45310_2	T39>A
AT5G45310	T64>A
AT5G45560	T33>A
AT5G45810_2	A100>T
AT5G45810	A33>T
AT5G46050	A4>T
AT5G46420	A147>T
AT5G46510	A100>T
AT5G46590	T66>A
AT5G46620	T163>A
AT5G46795	T57>A
AT5G46810	T59>A
AT5G46960	T30>A
AT5G47090_2	A49>T
AT5G47180	A140>T
AT5G47600	T36>A
AT5G47710	A34>T
AT5G47820	T106>A
AT5G47850	A34>T
AT5G47860	A14>T
AT5G47920_2	T15>A;A96>T
AT5G48150_2	A71>T
AT5G48335	T31>A
AT5G48560	T11>A
AT5G48655_2	T56>A
AT5G48670	T17>A
AT5G48820_2	A166>T
AT5G49440	T22>A;A113>T
AT5G49630	T6>A
AT5G49920	T38>A
AT5G50130	A111>T
AT5G50130_2	A62>T
AT5G50160	T109>A
AT5G50710	A152>T
AT5G50830	A4>T
AT5G51030	A29>T
AT5G51350	T92>A
AT5G51390	A16>T
AT5G51410	A46>T
AT5G51410_2	A132>T
AT5G51630	T86>A
AT5G51640	T60>A
AT5G51680	A67>T
AT5G51740_2	A110>T
AT5G52060	A58>T
AT5G52240	A28>T
AT5G52552	T36>A
AT5G52550	T41>A
AT5G52630_2	A43>T
AT5G52630	A43>T
AT5G52640	T68>A
AT5G52660	A111>T
AT5G52920	A153>T
AT5G53000	A132>T
AT5G53451	A155>T
AT5G53800	A12>T
AT5G54140	T57>A
AT5G54170	A12>T
AT5G54300	A29>T
AT5G54580_2	T96>A
AT5G54600	T46>A
AT5G54680	T157>A
AT5G54690	A76>T
AT5G55050	T10>A
AT5G55110	T74>A
AT5G55220	A3>T
AT5G55940	A78>T
AT5G56190	A38>T
AT5G56710;AT5G56730	A135>T
AT5G57030	T25>A
AT5G57190	A15>T
AT5G57440	A64>T
AT5G57490	T19>A
AT5G57565	A15>T
AT5G57860	T61>A
AT5G57870	T61>A;A102>T
AT5G57990	T158>A
AT5G58040	T21>A
AT5G58140	T35>A
AT5G58590	T105>A
AT5G58700	A33>T
AT5G58740	T147>A
AT5G58780	A3>T
AT5G58800	T48>A
AT5G58870	A118>T
AT5G58960	A142>T
AT5G58970	T146>A
AT5G59105	A29>T
AT5G59290	T9>A;T63>A
AT5G59430	A20>T
AT5G59480	A102>T
AT5G59560	A8>T
AT5G59570	T147>A
AT5G59570_2	T116>A
AT5G59850;AT5G59870	A138>T
AT5G59880	T41>A
AT5G60210	A53>T
AT5G60310	T5>A
AT5G60450	T29>A
AT5G60640	T157>A
AT5G60820	A11>T
AT5G60860	T37>A
AT5G60910	A48>T
AT5G61130	T166>A
AT5G61330	T26>A
AT5G61520	A88>T
AT5G61780	A56>T
AT5G61865	T82>A
AT5G61970	A159>T
AT5G61997	A23>T
AT5G62100	T25>A
AT5G62140	A20>T
AT5G62200	T96>A
AT5G62200_2	T18>A;T158>A
AT5G62220	A20>T
AT5G62290	A7>T
AT5G62440	A91>T
AT5G62500	A164>T
AT5G63060	A17>T
AT5G63130	A166>T
AT5G63630	T33>A
AT5G63640	T77>A
AT5G63960	T68>A
AT5G63970	A162>T
AT5G64140	T33>A
AT5G64150_2	T30>A
AT5G64230	T10>A
AT5G64260	T28>A
AT5G64350	T140>A
AT5G64390_2	T68>A
AT5G64552	T19>A;T36>A
AT5G64550	T31>A;T48>A
AT5G64600;AT5G64620	A20>T
AT5G64630_2	T73>A;T78>A
AT5G64630	T32>A;T37>A
AT5G64730	T33>A
AT5G64930	A31>T
AT5G65005	T68>A
AT5G65220	T8>A
AT5G65685	T41>A
AT5G65760	T41>A
AT5G65980	T47>A
AT5G66040	T2>A
AT5G66310	T135>A
AT5G66680	A31>T
AT5G66720	A27>T
AT5G66890	T74>A
AT5G67250	A71>T
AT5G67330_2	A111>T
AT5G67330	A6>T
AT5G67360	T132>A
AT5G67610	A36>T
